timestamp,target_value,item_id
2022-11-03 16:00:00,5.09077E+14,metric
2022-11-03 18:00:00,5.09095E+14,metric
2022-11-03 20:00:00,5.0912E+14,metric
2022-11-03 22:00:00,5.09145E+14,metric
2022-11-04 00:00:00,5.05443E+14,metric
2022-11-04 02:00:00,5.11084E+14,metric
2022-11-04 04:00:00,5.11099E+14,metric
2022-11-04 06:00:00,5.11146E+14,metric
2022-11-04 08:00:00,5.1113E+14,metric
2022-11-04 10:00:00,5.11119E+14,metric
2022-11-04 12:00:00,5.11132E+14,metric
2022-11-04 14:00:00,5.10812E+14,metric
2022-11-04 16:00:00,5.10823E+14,metric
2022-11-04 18:00:00,5.10855E+14,metric
2022-11-04 20:00:00,5.10869E+14,metric
2022-11-04 22:00:00,5.109E+14,metric
2022-11-05 00:00:00,5.07747E+14,metric
2022-11-05 02:00:00,5.14008E+14,metric
2022-11-05 04:00:00,5.14037E+14,metric
2022-11-05 06:00:00,5.14082E+14,metric
2022-11-05 08:00:00,5.14041E+14,metric
2022-11-05 10:00:00,5.1406E+14,metric
2022-11-05 12:00:00,5.14098E+14,metric
2022-11-05 14:00:00,5.14126E+14,metric
2022-11-05 16:00:00,5.14146E+14,metric
2022-11-05 18:00:00,5.14172E+14,metric
2022-11-05 20:00:00,5.14169E+14,metric
2022-11-05 22:00:00,5.14173E+14,metric
2022-11-06 00:00:00,5.11672E+14,metric
2022-11-06 02:00:00,5.16699E+14,metric
2022-11-06 04:00:00,5.16693E+14,metric
2022-11-06 06:00:00,5.16717E+14,metric
2022-11-06 08:00:00,5.16715E+14,metric
2022-11-06 10:00:00,5.16724E+14,metric
2022-11-06 12:00:00,5.16745E+14,metric
2022-11-06 14:00:00,5.16755E+14,metric
2022-11-06 16:00:00,5.16771E+14,metric
2022-11-06 18:00:00,5.16788E+14,metric
2022-11-06 20:00:00,5.16804E+14,metric
2022-11-06 22:00:00,5.16817E+14,metric
2022-11-07 00:00:00,5.13767E+14,metric
2022-11-07 02:00:00,5.18354E+14,metric
2022-11-07 04:00:00,5.1839E+14,metric
2022-11-07 06:00:00,5.1844E+14,metric
2022-11-07 08:00:00,5.18232E+14,metric
2022-11-07 10:00:00,5.18047E+14,metric
2022-11-07 12:00:00,5.16094E+14,metric
2022-11-07 14:00:00,5.16132E+14,metric
2022-11-07 16:00:00,5.16179E+14,metric
2022-11-07 18:00:00,5.15504E+14,metric
2022-11-07 20:00:00,5.15527E+14,metric
2022-11-07 22:00:00,5.15549E+14,metric
2022-11-08 00:00:00,5.11364E+14,metric
2022-11-08 02:00:00,5.16826E+14,metric
2022-11-08 04:00:00,5.16859E+14,metric
2022-11-08 06:00:00,5.16905E+14,metric
2022-11-08 08:00:00,5.16913E+14,metric
2022-11-08 10:00:00,5.16931E+14,metric
2022-11-08 12:00:00,5.17069E+14,metric
2022-11-08 14:00:00,5.17136E+14,metric
2022-11-08 16:00:00,5.17209E+14,metric
2022-11-08 18:00:00,5.17266E+14,metric
2022-11-08 20:00:00,5.17289E+14,metric
2022-11-08 22:00:00,5.17316E+14,metric
2022-11-09 00:00:00,5.12477E+14,metric
2022-11-09 02:00:00,5.18352E+14,metric
2022-11-09 04:00:00,5.18369E+14,metric
2022-11-09 06:00:00,5.18528E+14,metric
2022-11-09 08:00:00,5.18527E+14,metric
2022-11-09 10:00:00,5.1855E+14,metric
2022-11-09 12:00:00,5.18553E+14,metric
2022-11-09 14:00:00,5.18559E+14,metric
2022-11-09 16:00:00,5.18589E+14,metric
2022-11-09 18:00:00,5.1863E+14,metric
2022-11-09 20:00:00,5.18657E+14,metric
2022-11-09 22:00:00,5.18677E+14,metric
2022-11-10 00:00:00,5.15059E+14,metric
2022-11-10 02:00:00,5.214E+14,metric
2022-11-10 04:00:00,5.21428E+14,metric
2022-11-10 06:00:00,5.21258E+14,metric
2022-11-10 08:00:00,5.21254E+14,metric
2022-11-10 10:00:00,5.2124E+14,metric
2022-11-10 12:00:00,5.21286E+14,metric
2022-11-10 14:00:00,5.21261E+14,metric
2022-11-10 16:00:00,5.21231E+14,metric
2022-11-10 18:00:00,5.21272E+14,metric
2022-11-10 20:00:00,5.21285E+14,metric
2022-11-10 22:00:00,5.2131E+14,metric
2022-11-11 00:00:00,5.16592E+14,metric
2022-11-11 02:00:00,5.23718E+14,metric
2022-11-11 04:00:00,5.23735E+14,metric
2022-11-11 06:00:00,5.23792E+14,metric
2022-11-11 08:00:00,5.23763E+14,metric
2022-11-11 10:00:00,5.23736E+14,metric
2022-11-11 12:00:00,5.23797E+14,metric
2022-11-11 14:00:00,5.23822E+14,metric
2022-11-11 16:00:00,5.23844E+14,metric
2022-11-11 18:00:00,5.23868E+14,metric
2022-11-11 20:00:00,5.23891E+14,metric
2022-11-11 22:00:00,5.23908E+14,metric
2022-11-12 00:00:00,5.19254E+14,metric
2022-11-12 02:00:00,5.26959E+14,metric
2022-11-12 04:00:00,5.27018E+14,metric
2022-11-12 06:00:00,5.27073E+14,metric
2022-11-12 08:00:00,5.27029E+14,metric
2022-11-12 10:00:00,5.27052E+14,metric
2022-11-12 12:00:00,5.27073E+14,metric
2022-11-12 14:00:00,5.27102E+14,metric
2022-11-12 16:00:00,5.27134E+14,metric
2022-11-12 18:00:00,5.27162E+14,metric
2022-11-12 20:00:00,5.27188E+14,metric
2022-11-12 22:00:00,5.27216E+14,metric
2022-11-13 00:00:00,5.22134E+14,metric
2022-11-13 02:00:00,5.2704E+14,metric
2022-11-13 04:00:00,5.2786E+14,metric
2022-11-13 06:00:00,5.27893E+14,metric
2022-11-13 08:00:00,5.2787E+14,metric
2022-11-13 10:00:00,5.279E+14,metric
2022-11-13 12:00:00,5.27931E+14,metric
2022-11-13 14:00:00,5.27951E+14,metric
2022-11-13 16:00:00,5.27966E+14,metric
2022-11-13 18:00:00,5.28029E+14,metric
2022-11-13 20:00:00,5.2806E+14,metric
2022-11-13 22:00:00,5.28091E+14,metric
2022-11-14 00:00:00,5.22763E+14,metric
2022-11-14 02:00:00,5.28705E+14,metric
2022-11-14 04:00:00,5.28743E+14,metric
2022-11-14 06:00:00,5.28811E+14,metric
2022-11-14 08:00:00,5.28833E+14,metric
2022-11-14 10:00:00,5.28857E+14,metric
2022-11-14 12:00:00,5.28883E+14,metric
2022-11-14 14:00:00,5.27349E+14,metric
2022-11-14 16:00:00,5.27279E+14,metric
2022-11-14 18:00:00,5.27211E+14,metric
2022-11-14 20:00:00,5.2724E+14,metric
2022-11-14 22:00:00,5.27264E+14,metric
2022-11-15 00:00:00,5.2209E+14,metric
2022-11-15 02:00:00,5.30653E+14,metric
2022-11-15 04:00:00,5.31056E+14,metric
2022-11-15 06:00:00,5.31104E+14,metric
2022-11-15 08:00:00,5.31107E+14,metric
2022-11-15 10:00:00,5.31101E+14,metric
2022-11-15 12:00:00,5.31144E+14,metric
2022-11-15 14:00:00,5.31046E+14,metric
2022-11-15 16:00:00,5.30364E+14,metric
2022-11-15 18:00:00,5.3049E+14,metric
2022-11-15 20:00:00,5.30501E+14,metric
2022-11-15 22:00:00,5.30505E+14,metric
2022-11-16 00:00:00,5.2431E+14,metric
2022-11-16 02:00:00,5.32197E+14,metric
2022-11-16 04:00:00,5.32244E+14,metric
2022-11-16 06:00:00,5.32325E+14,metric
2022-11-16 08:00:00,5.32422E+14,metric
2022-11-16 10:00:00,5.32472E+14,metric
2022-11-16 12:00:00,5.32598E+14,metric
2022-11-16 14:00:00,5.32652E+14,metric
2022-11-16 16:00:00,5.32669E+14,metric
2022-11-16 18:00:00,5.32733E+14,metric
2022-11-16 20:00:00,5.32758E+14,metric
2022-11-16 22:00:00,5.3278E+14,metric
2022-11-17 00:00:00,5.27054E+14,metric
2022-11-17 02:00:00,5.35796E+14,metric
2022-11-17 04:00:00,5.35827E+14,metric
2022-11-17 06:00:00,5.35832E+14,metric
2022-11-17 08:00:00,5.35835E+14,metric
2022-11-17 10:00:00,5.35862E+14,metric
2022-11-17 12:00:00,5.3588E+14,metric
2022-11-17 14:00:00,5.35905E+14,metric
2022-11-17 16:00:00,5.35956E+14,metric
2022-11-17 18:00:00,5.35978E+14,metric
2022-11-17 20:00:00,5.36005E+14,metric
2022-11-17 22:00:00,5.3603E+14,metric
2022-11-18 00:00:00,5.30467E+14,metric
2022-11-18 02:00:00,5.37917E+14,metric
2022-11-18 04:00:00,5.3803E+14,metric
2022-11-18 06:00:00,5.3809E+14,metric
2022-11-18 08:00:00,5.38093E+14,metric
2022-11-18 10:00:00,5.3812E+14,metric
2022-11-18 12:00:00,5.38164E+14,metric
2022-11-18 14:00:00,5.38032E+14,metric
2022-11-18 16:00:00,5.37916E+14,metric
2022-11-18 18:00:00,5.3795E+14,metric
2022-11-18 20:00:00,5.3799E+14,metric
2022-11-18 22:00:00,5.38033E+14,metric
2022-11-19 00:00:00,5.3221E+14,metric
2022-11-19 02:00:00,5.37747E+14,metric
2022-11-19 04:00:00,5.37797E+14,metric
2022-11-19 06:00:00,5.37877E+14,metric
2022-11-19 08:00:00,5.37889E+14,metric
2022-11-19 10:00:00,5.37938E+14,metric
2022-11-19 12:00:00,5.37927E+14,metric
2022-11-19 14:00:00,5.37953E+14,metric
2022-11-19 16:00:00,5.3798E+14,metric
2022-11-19 18:00:00,5.38028E+14,metric
2022-11-19 20:00:00,5.38055E+14,metric
2022-11-19 22:00:00,5.38079E+14,metric
2022-11-20 00:00:00,5.31675E+14,metric
2022-11-20 02:00:00,5.34362E+14,metric
2022-11-20 04:00:00,5.34388E+14,metric
2022-11-20 06:00:00,5.34435E+14,metric
2022-11-20 08:00:00,5.34431E+14,metric
2022-11-20 10:00:00,5.34418E+14,metric
2022-11-20 12:00:00,5.34903E+14,metric
2022-11-20 14:00:00,5.34922E+14,metric
2022-11-20 16:00:00,5.34939E+14,metric
2022-11-20 18:00:00,5.34958E+14,metric
2022-11-20 20:00:00,5.34979E+14,metric
2022-11-20 22:00:00,5.35004E+14,metric
2022-11-21 00:00:00,5.28806E+14,metric
2022-11-21 02:00:00,5.32102E+14,metric
2022-11-21 04:00:00,5.32138E+14,metric
2022-11-21 06:00:00,5.32181E+14,metric
2022-11-21 08:00:00,5.32156E+14,metric
2022-11-21 10:00:00,5.32165E+14,metric
2022-11-21 12:00:00,5.32095E+14,metric
2022-11-21 14:00:00,5.32065E+14,metric
2022-11-21 16:00:00,5.32005E+14,metric
2022-11-21 18:00:00,5.32114E+14,metric
2022-11-21 20:00:00,5.32193E+14,metric
2022-11-21 22:00:00,5.32097E+14,metric
2022-11-22 00:00:00,5.27246E+14,metric
2022-11-22 02:00:00,5.3325E+14,metric
2022-11-22 04:00:00,5.33257E+14,metric
2022-11-22 06:00:00,5.33303E+14,metric
2022-11-22 08:00:00,5.33268E+14,metric
2022-11-22 10:00:00,5.33354E+14,metric
2022-11-22 12:00:00,5.33389E+14,metric
2022-11-22 14:00:00,5.33398E+14,metric
2022-11-22 16:00:00,5.33416E+14,metric
2022-11-22 18:00:00,5.33491E+14,metric
2022-11-22 20:00:00,5.33573E+14,metric
2022-11-22 22:00:00,5.33625E+14,metric
2022-11-23 00:00:00,5.28993E+14,metric
2022-11-23 02:00:00,5.35501E+14,metric
2022-11-23 04:00:00,5.35516E+14,metric
2022-11-23 06:00:00,5.35563E+14,metric
2022-11-23 08:00:00,5.35591E+14,metric
2022-11-23 10:00:00,5.35693E+14,metric
2022-11-23 12:00:00,5.35737E+14,metric
2022-11-23 14:00:00,5.35765E+14,metric
2022-11-23 16:00:00,5.35796E+14,metric
2022-11-23 18:00:00,5.35833E+14,metric
2022-11-23 20:00:00,5.36109E+14,metric
2022-11-23 22:00:00,5.36416E+14,metric
2022-11-24 00:00:00,5.32026E+14,metric
2022-11-24 02:00:00,5.3862E+14,metric
2022-11-24 04:00:00,5.38635E+14,metric
2022-11-24 06:00:00,5.39016E+14,metric
2022-11-24 08:00:00,5.38728E+14,metric
2022-11-24 10:00:00,5.39036E+14,metric
2022-11-24 12:00:00,5.38338E+14,metric
2022-11-24 14:00:00,5.38317E+14,metric
2022-11-24 16:00:00,5.38154E+14,metric
2022-11-24 18:00:00,5.38221E+14,metric
2022-11-24 20:00:00,5.3846E+14,metric
2022-11-24 22:00:00,5.38215E+14,metric
2022-11-25 00:00:00,5.33481E+14,metric
2022-11-25 02:00:00,5.39274E+14,metric
2022-11-25 04:00:00,5.39314E+14,metric
2022-11-25 06:00:00,5.3936E+14,metric
2022-11-25 08:00:00,5.39365E+14,metric
2022-11-25 10:00:00,5.39406E+14,metric
2022-11-25 12:00:00,5.39485E+14,metric
2022-11-25 14:00:00,5.39505E+14,metric
2022-11-25 16:00:00,5.39412E+14,metric
2022-11-25 18:00:00,5.39301E+14,metric
2022-11-25 20:00:00,5.39066E+14,metric
2022-11-25 22:00:00,5.39083E+14,metric
2022-11-26 00:00:00,5.3368E+14,metric
2022-11-26 02:00:00,5.39673E+14,metric
2022-11-26 04:00:00,5.39713E+14,metric
2022-11-26 06:00:00,5.39755E+14,metric
2022-11-26 08:00:00,5.39765E+14,metric
2022-11-26 10:00:00,5.39755E+14,metric
2022-11-26 12:00:00,5.39656E+14,metric
2022-11-26 14:00:00,5.39644E+14,metric
2022-11-26 16:00:00,5.39568E+14,metric
2022-11-26 18:00:00,5.3952E+14,metric
2022-11-26 20:00:00,5.39559E+14,metric
2022-11-26 22:00:00,5.39574E+14,metric
2022-11-27 00:00:00,5.34181E+14,metric
2022-11-27 02:00:00,5.38134E+14,metric
2022-11-27 04:00:00,5.38174E+14,metric
2022-11-27 06:00:00,5.38235E+14,metric
2022-11-27 08:00:00,5.38254E+14,metric
2022-11-27 10:00:00,5.3828E+14,metric
2022-11-27 12:00:00,5.38322E+14,metric
2022-11-27 14:00:00,5.38365E+14,metric
2022-11-27 16:00:00,5.38357E+14,metric
2022-11-27 18:00:00,5.38394E+14,metric
2022-11-27 20:00:00,5.38419E+14,metric
2022-11-27 22:00:00,5.38443E+14,metric
2022-11-28 00:00:00,5.33759E+14,metric
2022-11-28 02:00:00,5.39423E+14,metric
2022-11-28 04:00:00,5.39514E+14,metric
2022-11-28 06:00:00,5.39575E+14,metric
2022-11-28 08:00:00,5.396E+14,metric
2022-11-28 10:00:00,5.39663E+14,metric
2022-11-28 12:00:00,5.39678E+14,metric
2022-11-28 14:00:00,5.39529E+14,metric
2022-11-28 16:00:00,5.39554E+14,metric
2022-11-28 18:00:00,5.39596E+14,metric
2022-11-28 20:00:00,5.39633E+14,metric
2022-11-28 22:00:00,5.39664E+14,metric
2022-11-29 00:00:00,5.35267E+14,metric
2022-11-29 02:00:00,5.42604E+14,metric
2022-11-29 04:00:00,5.42639E+14,metric
2022-11-29 06:00:00,5.42699E+14,metric
2022-11-29 08:00:00,5.42716E+14,metric
2022-11-29 10:00:00,5.42724E+14,metric
2022-11-29 12:00:00,5.4272E+14,metric
2022-11-29 14:00:00,5.42719E+14,metric
2022-11-29 16:00:00,5.42709E+14,metric
2022-11-29 18:00:00,5.42676E+14,metric
2022-11-29 20:00:00,5.42704E+14,metric
2022-11-29 22:00:00,5.4273E+14,metric
2022-11-30 00:00:00,5.37482E+14,metric
2022-11-30 02:00:00,5.40655E+14,metric
2022-11-30 04:00:00,5.43966E+14,metric
2022-11-30 06:00:00,5.44144E+14,metric
2022-11-30 08:00:00,5.43869E+14,metric
2022-11-30 10:00:00,5.43899E+14,metric
2022-11-30 12:00:00,5.4383E+14,metric
2022-11-30 14:00:00,5.43854E+14,metric
2022-11-30 16:00:00,5.43199E+14,metric
2022-11-30 18:00:00,5.42338E+14,metric
2022-11-30 20:00:00,5.42345E+14,metric
2022-11-30 22:00:00,5.42363E+14,metric
2022-12-01 00:00:00,5.37257E+14,metric
2022-12-01 02:00:00,5.4227E+14,metric
2022-12-01 04:00:00,5.43421E+14,metric
2022-12-01 06:00:00,5.43464E+14,metric
2022-12-01 08:00:00,5.43464E+14,metric
2022-12-01 10:00:00,5.43779E+14,metric
2022-12-01 12:00:00,5.43478E+14,metric
2022-12-01 14:00:00,5.43448E+14,metric
2022-12-01 16:00:00,5.43482E+14,metric
2022-12-01 18:00:00,5.43539E+14,metric
2022-12-01 20:00:00,5.4357E+14,metric
2022-12-01 22:00:00,5.43605E+14,metric
2022-12-02 00:00:00,5.37829E+14,metric
2022-12-02 02:00:00,5.43542E+14,metric
2022-12-02 04:00:00,5.43576E+14,metric
2022-12-02 06:00:00,5.43635E+14,metric
2022-12-02 08:00:00,5.43641E+14,metric
2022-12-02 10:00:00,5.49706E+14,metric
2022-12-02 12:00:00,5.43925E+14,metric
2022-12-02 14:00:00,5.43951E+14,metric
2022-12-02 16:00:00,5.43889E+14,metric
2022-12-02 18:00:00,5.43979E+14,metric
2022-12-02 20:00:00,5.44062E+14,metric
2022-12-02 22:00:00,5.44083E+14,metric
2022-12-03 00:00:00,5.38781E+14,metric
2022-12-03 02:00:00,5.43797E+14,metric
2022-12-03 04:00:00,5.43819E+14,metric
2022-12-03 06:00:00,5.43851E+14,metric
2022-12-03 08:00:00,5.43907E+14,metric
2022-12-03 10:00:00,5.43907E+14,metric
2022-12-03 12:00:00,5.43888E+14,metric
2022-12-03 14:00:00,5.43875E+14,metric
2022-12-03 16:00:00,5.43884E+14,metric
2022-12-03 18:00:00,5.43908E+14,metric
2022-12-03 20:00:00,5.43929E+14,metric
2022-12-03 22:00:00,5.43942E+14,metric
2022-12-04 00:00:00,5.38441E+14,metric
2022-12-04 02:00:00,5.41544E+14,metric
2022-12-04 04:00:00,5.41592E+14,metric
2022-12-04 06:00:00,5.41661E+14,metric
2022-12-04 08:00:00,5.41707E+14,metric
2022-12-04 10:00:00,5.41751E+14,metric
2022-12-04 12:00:00,5.41789E+14,metric
2022-12-04 14:00:00,5.41821E+14,metric
2022-12-04 16:00:00,5.4184E+14,metric
2022-12-04 18:00:00,5.41882E+14,metric
2022-12-04 20:00:00,5.41924E+14,metric
2022-12-04 22:00:00,5.41991E+14,metric
2022-12-05 00:00:00,5.36316E+14,metric
2022-12-05 02:00:00,5.39195E+14,metric
2022-12-05 04:00:00,5.39786E+14,metric
2022-12-05 06:00:00,5.39877E+14,metric
2022-12-05 08:00:00,5.39682E+14,metric
2022-12-05 10:00:00,5.39473E+14,metric
2022-12-05 12:00:00,5.39241E+14,metric
2022-12-05 14:00:00,5.39379E+14,metric
2022-12-05 16:00:00,5.38637E+14,metric
2022-12-05 18:00:00,5.38411E+14,metric
2022-12-05 20:00:00,5.38493E+14,metric
2022-12-05 22:00:00,5.38539E+14,metric
2022-12-06 00:00:00,5.3321E+14,metric
2022-12-06 02:00:00,5.38915E+14,metric
2022-12-06 04:00:00,5.38951E+14,metric
2022-12-06 06:00:00,5.39054E+14,metric
2022-12-06 08:00:00,5.39126E+14,metric
2022-12-06 10:00:00,5.39094E+14,metric
2022-12-06 12:00:00,5.39145E+14,metric
2022-12-06 14:00:00,5.39031E+14,metric
2022-12-06 16:00:00,5.39178E+14,metric
2022-12-06 18:00:00,5.39183E+14,metric
2022-12-06 20:00:00,5.39217E+14,metric
2022-12-06 22:00:00,5.39271E+14,metric
2022-12-07 00:00:00,5.33975E+14,metric
2022-12-07 02:00:00,5.38227E+14,metric
2022-12-07 04:00:00,5.39423E+14,metric
2022-12-07 06:00:00,5.39498E+14,metric
2022-12-07 08:00:00,5.39484E+14,metric
2022-12-07 10:00:00,5.3952E+14,metric
2022-12-07 12:00:00,5.39453E+14,metric
2022-12-07 14:00:00,5.39412E+14,metric
2022-12-07 16:00:00,5.3933E+14,metric
2022-12-07 18:00:00,5.39274E+14,metric
2022-12-07 20:00:00,5.39325E+14,metric
2022-12-07 22:00:00,5.39371E+14,metric
2022-12-08 00:00:00,5.34357E+14,metric
2022-12-08 02:00:00,5.40808E+14,metric
2022-12-08 04:00:00,5.40888E+14,metric
2022-12-08 06:00:00,5.4092E+14,metric
2022-12-08 08:00:00,5.409E+14,metric
2022-12-08 10:00:00,5.40916E+14,metric
2022-12-08 12:00:00,5.40942E+14,metric
2022-12-08 14:00:00,5.40984E+14,metric
2022-12-08 16:00:00,5.40935E+14,metric
2022-12-08 18:00:00,5.40831E+14,metric
2022-12-08 20:00:00,5.40581E+14,metric
2022-12-08 22:00:00,5.40626E+14,metric
2022-12-09 00:00:00,5.35723E+14,metric
2022-12-09 02:00:00,5.41755E+14,metric
2022-12-09 04:00:00,5.41816E+14,metric
2022-12-09 06:00:00,5.41846E+14,metric
2022-12-09 08:00:00,5.41845E+14,metric
2022-12-09 10:00:00,5.41871E+14,metric
2022-12-09 12:00:00,5.4192E+14,metric
2022-12-09 14:00:00,5.41971E+14,metric
2022-12-09 16:00:00,5.41565E+14,metric
2022-12-09 18:00:00,5.41138E+14,metric
2022-12-09 20:00:00,5.41203E+14,metric
2022-12-09 22:00:00,5.41534E+14,metric
2022-12-10 00:00:00,5.3617E+14,metric
2022-12-10 02:00:00,5.39709E+14,metric
2022-12-10 04:00:00,5.39738E+14,metric
2022-12-10 06:00:00,5.39809E+14,metric
2022-12-10 08:00:00,5.39818E+14,metric
2022-12-10 10:00:00,5.39854E+14,metric
2022-12-10 12:00:00,5.39873E+14,metric
2022-12-10 14:00:00,5.39905E+14,metric
2022-12-10 16:00:00,5.39921E+14,metric
2022-12-10 18:00:00,5.39987E+14,metric
2022-12-10 20:00:00,5.40009E+14,metric
2022-12-10 22:00:00,5.40041E+14,metric
2022-12-11 00:00:00,5.34889E+14,metric
2022-12-11 02:00:00,5.36616E+14,metric
2022-12-11 04:00:00,5.36647E+14,metric
2022-12-11 06:00:00,5.36705E+14,metric
2022-12-11 08:00:00,5.36706E+14,metric
2022-12-11 10:00:00,5.36731E+14,metric
2022-12-11 12:00:00,5.36783E+14,metric
2022-12-11 14:00:00,5.36735E+14,metric
2022-12-11 16:00:00,5.36775E+14,metric
2022-12-11 18:00:00,5.36885E+14,metric
2022-12-11 20:00:00,5.34051E+14,metric
2022-12-11 22:00:00,5.34108E+14,metric
2022-12-12 00:00:00,5.29271E+14,metric
2022-12-12 02:00:00,5.31662E+14,metric
2022-12-12 04:00:00,5.3178E+14,metric
2022-12-12 06:00:00,5.31877E+14,metric
2022-12-12 08:00:00,5.31908E+14,metric
2022-12-12 10:00:00,5.31953E+14,metric
2022-12-12 12:00:00,5.32029E+14,metric
2022-12-12 14:00:00,5.32073E+14,metric
2022-12-12 16:00:00,5.32118E+14,metric
2022-12-12 18:00:00,5.32384E+14,metric
2022-12-12 20:00:00,5.32055E+14,metric
2022-12-12 22:00:00,5.32227E+14,metric
2022-12-13 00:00:00,5.27492E+14,metric
2022-12-13 02:00:00,5.32121E+14,metric
2022-12-13 04:00:00,5.32158E+14,metric
2022-12-13 06:00:00,5.32203E+14,metric
2022-12-13 08:00:00,5.32316E+14,metric
2022-12-13 10:00:00,5.32402E+14,metric
2022-12-13 12:00:00,5.32629E+14,metric
2022-12-13 14:00:00,5.32479E+14,metric
2022-12-13 16:00:00,5.32827E+14,metric
2022-12-13 18:00:00,5.32618E+14,metric
2022-12-13 20:00:00,5.32666E+14,metric
2022-12-13 22:00:00,5.32698E+14,metric
2022-12-14 00:00:00,5.26984E+14,metric
2022-12-14 02:00:00,5.29977E+14,metric
2022-12-14 04:00:00,5.31545E+14,metric
2022-12-14 06:00:00,5.3162E+14,metric
2022-12-14 08:00:00,5.32047E+14,metric
2022-12-14 10:00:00,5.31646E+14,metric
2022-12-14 12:00:00,5.31744E+14,metric
2022-12-14 14:00:00,5.31767E+14,metric
2022-12-14 16:00:00,5.31624E+14,metric
2022-12-14 18:00:00,5.31672E+14,metric
2022-12-14 20:00:00,5.31707E+14,metric
2022-12-14 22:00:00,5.31735E+14,metric
2022-12-15 00:00:00,5.25597E+14,metric
2022-12-15 02:00:00,5.27866E+14,metric
2022-12-15 04:00:00,5.29865E+14,metric
2022-12-15 06:00:00,5.2997E+14,metric
2022-12-15 08:00:00,5.29969E+14,metric
2022-12-15 10:00:00,5.30013E+14,metric
2022-12-15 12:00:00,5.30311E+14,metric
2022-12-15 14:00:00,5.3008E+14,metric
2022-12-15 16:00:00,5.30148E+14,metric
2022-12-15 18:00:00,5.30318E+14,metric
2022-12-15 20:00:00,5.30315E+14,metric
2022-12-15 22:00:00,5.30324E+14,metric
2022-12-16 00:00:00,5.24365E+14,metric
2022-12-16 02:00:00,5.28064E+14,metric
2022-12-16 04:00:00,5.29095E+14,metric
2022-12-16 06:00:00,5.29173E+14,metric
2022-12-16 08:00:00,5.29169E+14,metric
2022-12-16 10:00:00,5.29207E+14,metric
2022-12-16 12:00:00,5.29241E+14,metric
2022-12-16 14:00:00,5.29276E+14,metric
2022-12-16 16:00:00,5.29389E+14,metric
2022-12-16 18:00:00,5.29315E+14,metric
2022-12-16 20:00:00,5.29342E+14,metric
2022-12-16 22:00:00,5.29369E+14,metric
2022-12-17 00:00:00,5.23958E+14,metric
2022-12-17 02:00:00,5.28313E+14,metric
2022-12-17 04:00:00,5.28469E+14,metric
2022-12-17 06:00:00,5.28535E+14,metric
2022-12-17 08:00:00,5.28519E+14,metric
2022-12-17 10:00:00,5.28548E+14,metric
2022-12-17 12:00:00,5.28612E+14,metric
2022-12-17 14:00:00,5.28617E+14,metric
2022-12-17 16:00:00,5.28634E+14,metric
2022-12-17 18:00:00,5.28615E+14,metric
2022-12-17 20:00:00,5.28635E+14,metric
2022-12-17 22:00:00,5.2866E+14,metric
2022-12-18 00:00:00,5.23664E+14,metric
2022-12-18 02:00:00,5.26869E+14,metric
2022-12-18 04:00:00,5.26895E+14,metric
2022-12-18 06:00:00,5.2697E+14,metric
2022-12-18 08:00:00,5.26953E+14,metric
2022-12-18 10:00:00,5.26982E+14,metric
2022-12-18 12:00:00,5.26996E+14,metric
2022-12-18 14:00:00,5.27025E+14,metric
2022-12-18 16:00:00,5.27007E+14,metric
2022-12-18 18:00:00,5.27033E+14,metric
2022-12-18 20:00:00,5.27054E+14,metric
2022-12-18 22:00:00,5.27081E+14,metric
2022-12-19 00:00:00,5.22285E+14,metric
2022-12-19 02:00:00,5.24681E+14,metric
2022-12-19 04:00:00,5.25878E+14,metric
2022-12-19 06:00:00,5.25948E+14,metric
2022-12-19 08:00:00,5.25949E+14,metric
2022-12-19 10:00:00,5.25989E+14,metric
2022-12-19 12:00:00,5.26019E+14,metric
2022-12-19 14:00:00,5.26005E+14,metric
2022-12-19 16:00:00,5.26023E+14,metric
2022-12-19 18:00:00,5.26176E+14,metric
2022-12-19 20:00:00,5.26212E+14,metric
2022-12-19 22:00:00,5.2624E+14,metric
2022-12-20 00:00:00,5.21479E+14,metric
2022-12-20 02:00:00,5.27285E+14,metric
2022-12-20 04:00:00,5.2741E+14,metric
2022-12-20 06:00:00,5.27478E+14,metric
2022-12-20 08:00:00,5.2747E+14,metric
2022-12-20 10:00:00,5.27549E+14,metric
2022-12-20 12:00:00,5.2747E+14,metric
2022-12-20 14:00:00,5.27587E+14,metric
2022-12-20 16:00:00,5.27594E+14,metric
2022-12-20 18:00:00,5.27626E+14,metric
2022-12-20 20:00:00,5.27657E+14,metric
2022-12-20 22:00:00,5.27682E+14,metric
2022-12-21 00:00:00,5.2224E+14,metric
2022-12-21 02:00:00,5.25157E+14,metric
2022-12-21 04:00:00,5.25187E+14,metric
2022-12-21 06:00:00,5.25269E+14,metric
2022-12-21 08:00:00,5.25263E+14,metric
2022-12-21 10:00:00,5.25284E+14,metric
2022-12-21 12:00:00,5.25272E+14,metric
2022-12-21 14:00:00,4.98835E+14,metric
2022-12-21 16:00:00,4.98716E+14,metric
2022-12-21 18:00:00,4.98673E+14,metric
2022-12-21 20:00:00,4.98783E+14,metric
2022-12-21 22:00:00,4.98801E+14,metric
2022-12-22 00:00:00,4.93529E+14,metric
2022-12-22 02:00:00,4.95417E+14,metric
2022-12-22 04:00:00,4.96564E+14,metric
2022-12-22 06:00:00,4.96636E+14,metric
2022-12-22 08:00:00,4.96615E+14,metric
2022-12-22 10:00:00,4.96615E+14,metric
2022-12-22 12:00:00,4.96651E+14,metric
2022-12-22 14:00:00,4.96671E+14,metric
2022-12-22 16:00:00,4.96694E+14,metric
2022-12-22 18:00:00,4.96726E+14,metric
2022-12-22 20:00:00,4.96753E+14,metric
2022-12-22 22:00:00,4.9677E+14,metric
2022-12-23 00:00:00,4.92805E+14,metric
2022-12-23 02:00:00,4.97236E+14,metric
2022-12-23 04:00:00,4.97267E+14,metric
2022-12-23 06:00:00,4.97307E+14,metric
2022-12-23 08:00:00,4.97278E+14,metric
2022-12-23 10:00:00,4.973E+14,metric
2022-12-23 12:00:00,4.9711E+14,metric
2022-12-23 14:00:00,4.97399E+14,metric
2022-12-23 16:00:00,4.9749E+14,metric
2022-12-23 18:00:00,4.97535E+14,metric
2022-12-23 20:00:00,4.97563E+14,metric
2022-12-23 22:00:00,4.97585E+14,metric
2022-12-24 00:00:00,4.93895E+14,metric
2022-12-24 02:00:00,4.97167E+14,metric
2022-12-24 04:00:00,4.98107E+14,metric
2022-12-24 06:00:00,4.98163E+14,metric
2022-12-24 08:00:00,4.98134E+14,metric
2022-12-24 10:00:00,4.98155E+14,metric
2022-12-24 12:00:00,4.98182E+14,metric
2022-12-24 14:00:00,4.98204E+14,metric
2022-12-24 16:00:00,4.98222E+14,metric
2022-12-24 18:00:00,4.98234E+14,metric
2022-12-24 20:00:00,4.98257E+14,metric
2022-12-24 22:00:00,4.98274E+14,metric
2022-12-25 00:00:00,4.946E+14,metric
2022-12-25 02:00:00,4.96725E+14,metric
2022-12-25 04:00:00,4.96736E+14,metric
2022-12-25 06:00:00,4.96754E+14,metric
2022-12-25 08:00:00,4.96741E+14,metric
2022-12-25 10:00:00,4.96758E+14,metric
2022-12-25 12:00:00,4.96778E+14,metric
2022-12-25 14:00:00,4.96797E+14,metric
2022-12-25 16:00:00,4.96823E+14,metric
2022-12-25 18:00:00,4.96852E+14,metric
2022-12-25 20:00:00,4.96874E+14,metric
2022-12-25 22:00:00,4.969E+14,metric
2022-12-26 00:00:00,4.92847E+14,metric
2022-12-26 02:00:00,4.94913E+14,metric
2022-12-26 04:00:00,4.94895E+14,metric
2022-12-26 06:00:00,4.94954E+14,metric
2022-12-26 08:00:00,4.94961E+14,metric
2022-12-26 10:00:00,4.94985E+14,metric
2022-12-26 12:00:00,4.95021E+14,metric
2022-12-26 14:00:00,4.95041E+14,metric
2022-12-26 16:00:00,4.95068E+14,metric
2022-12-26 18:00:00,4.95089E+14,metric
2022-12-26 20:00:00,4.95115E+14,metric
2022-12-26 22:00:00,4.95141E+14,metric
2022-12-27 00:00:00,4.90177E+14,metric
2022-12-27 02:00:00,4.92227E+14,metric
2022-12-27 04:00:00,4.9222E+14,metric
2022-12-27 06:00:00,4.92287E+14,metric
2022-12-27 08:00:00,4.92275E+14,metric
2022-12-27 10:00:00,4.92296E+14,metric
2022-12-27 12:00:00,4.92319E+14,metric
2022-12-27 14:00:00,4.92334E+14,metric
2022-12-27 16:00:00,4.92356E+14,metric
2022-12-27 18:00:00,4.92383E+14,metric
2022-12-27 20:00:00,4.92409E+14,metric
2022-12-27 22:00:00,4.92434E+14,metric
2022-12-28 00:00:00,4.87134E+14,metric
2022-12-28 02:00:00,4.89256E+14,metric
2022-12-28 04:00:00,4.89254E+14,metric
2022-12-28 06:00:00,4.89308E+14,metric
2022-12-28 08:00:00,4.89269E+14,metric
2022-12-28 10:00:00,4.89181E+14,metric
2022-12-28 12:00:00,4.89107E+14,metric
2022-12-28 14:00:00,4.89131E+14,metric
2022-12-28 16:00:00,4.89161E+14,metric
2022-12-28 18:00:00,4.89194E+14,metric
2022-12-28 20:00:00,4.89224E+14,metric
2022-12-28 22:00:00,4.8932E+14,metric
2022-12-29 00:00:00,4.8401E+14,metric
2022-12-29 02:00:00,4.86801E+14,metric
2022-12-29 04:00:00,4.86825E+14,metric
2022-12-29 06:00:00,4.86877E+14,metric
2022-12-29 08:00:00,4.86869E+14,metric
2022-12-29 10:00:00,4.86889E+14,metric
2022-12-29 12:00:00,4.86937E+14,metric
2022-12-29 14:00:00,4.86953E+14,metric
2022-12-29 16:00:00,4.86976E+14,metric
2022-12-29 18:00:00,4.86978E+14,metric
2022-12-29 20:00:00,4.8698E+14,metric
2022-12-29 22:00:00,4.87005E+14,metric
2022-12-30 00:00:00,4.81772E+14,metric
2022-12-30 02:00:00,4.84486E+14,metric
2022-12-30 04:00:00,4.84564E+14,metric
2022-12-30 06:00:00,4.84634E+14,metric
2022-12-30 08:00:00,4.8462E+14,metric
2022-12-30 10:00:00,4.84637E+14,metric
2022-12-30 12:00:00,4.84663E+14,metric
2022-12-30 14:00:00,4.84661E+14,metric
2022-12-30 16:00:00,4.84969E+14,metric
2022-12-30 18:00:00,4.84983E+14,metric
2022-12-30 20:00:00,4.85031E+14,metric
2022-12-30 22:00:00,4.84754E+14,metric
2022-12-31 00:00:00,4.80111E+14,metric
2022-12-31 02:00:00,4.82651E+14,metric
2022-12-31 04:00:00,4.8241E+14,metric
2022-12-31 06:00:00,4.82758E+14,metric
2022-12-31 08:00:00,4.82449E+14,metric
2022-12-31 10:00:00,4.82761E+14,metric
2022-12-31 12:00:00,4.82935E+14,metric
2022-12-31 14:00:00,4.83012E+14,metric
2022-12-31 16:00:00,4.83058E+14,metric
2022-12-31 18:00:00,4.82483E+14,metric
2022-12-31 20:00:00,4.82801E+14,metric
2022-12-31 22:00:00,4.83119E+14,metric
2023-01-01 00:00:00,4.77752E+14,metric
2023-01-01 02:00:00,4.79244E+14,metric
2023-01-01 04:00:00,4.78962E+14,metric
2023-01-01 06:00:00,4.79014E+14,metric
2023-01-01 08:00:00,4.79299E+14,metric
2023-01-01 10:00:00,4.79293E+14,metric
2023-01-01 12:00:00,4.79332E+14,metric
2023-01-01 14:00:00,4.7931E+14,metric
2023-01-01 16:00:00,4.79324E+14,metric
2023-01-01 18:00:00,4.79054E+14,metric
2023-01-01 20:00:00,4.7936E+14,metric
2023-01-01 22:00:00,4.79379E+14,metric
2023-01-02 00:00:00,4.75075E+14,metric
2023-01-02 02:00:00,4.76626E+14,metric
2023-01-02 04:00:00,4.76355E+14,metric
2023-01-02 06:00:00,4.76595E+14,metric
2023-01-02 08:00:00,4.76682E+14,metric
2023-01-02 10:00:00,4.76404E+14,metric
2023-01-02 12:00:00,4.76695E+14,metric
2023-01-02 14:00:00,4.76447E+14,metric
2023-01-02 16:00:00,4.76766E+14,metric
2023-01-02 18:00:00,4.76774E+14,metric
2023-01-02 20:00:00,4.768E+14,metric
2023-01-02 22:00:00,4.77002E+14,metric
2023-01-03 00:00:00,4.73126E+14,metric
2023-01-03 02:00:00,4.76575E+14,metric
2023-01-03 04:00:00,4.76891E+14,metric
2023-01-03 06:00:00,4.76836E+14,metric
2023-01-03 08:00:00,4.769E+14,metric
2023-01-03 10:00:00,4.76926E+14,metric
2023-01-03 12:00:00,4.76946E+14,metric
2023-01-03 14:00:00,4.76669E+14,metric
2023-01-03 16:00:00,4.76988E+14,metric
2023-01-03 18:00:00,4.76745E+14,metric
2023-01-03 20:00:00,4.76772E+14,metric
2023-01-03 22:00:00,4.76791E+14,metric
2023-01-04 00:00:00,4.72748E+14,metric
2023-01-04 02:00:00,4.77485E+14,metric
2023-01-04 04:00:00,4.78142E+14,metric
2023-01-04 06:00:00,4.782E+14,metric
2023-01-04 08:00:00,4.78195E+14,metric
2023-01-04 10:00:00,4.78208E+14,metric
2023-01-04 12:00:00,4.78222E+14,metric
2023-01-04 14:00:00,4.78195E+14,metric
2023-01-04 16:00:00,4.78234E+14,metric
2023-01-04 18:00:00,4.7827E+14,metric
2023-01-04 20:00:00,4.78304E+14,metric
2023-01-04 22:00:00,4.78335E+14,metric
2023-01-05 00:00:00,4.74344E+14,metric
2023-01-05 02:00:00,4.80095E+14,metric
2023-01-05 04:00:00,4.8127E+14,metric
2023-01-05 06:00:00,4.81347E+14,metric
2023-01-05 08:00:00,4.81344E+14,metric
2023-01-05 10:00:00,4.81379E+14,metric
2023-01-05 12:00:00,4.81411E+14,metric
2023-01-05 14:00:00,4.81374E+14,metric
2023-01-05 16:00:00,4.79941E+14,metric
2023-01-05 18:00:00,4.80368E+14,metric
2023-01-05 20:00:00,4.80397E+14,metric
2023-01-05 22:00:00,4.80416E+14,metric
2023-01-06 00:00:00,4.76263E+14,metric
2023-01-06 02:00:00,4.85776E+14,metric
2023-01-06 04:00:00,4.858E+14,metric
2023-01-06 06:00:00,4.85861E+14,metric
2023-01-06 08:00:00,4.85849E+14,metric
2023-01-06 10:00:00,4.85835E+14,metric
2023-01-06 12:00:00,4.8561E+14,metric
2023-01-06 14:00:00,4.85551E+14,metric
2023-01-06 16:00:00,4.85587E+14,metric
2023-01-06 18:00:00,4.85629E+14,metric
2023-01-06 20:00:00,4.85642E+14,metric
2023-01-06 22:00:00,4.85642E+14,metric
2023-01-07 00:00:00,4.82128E+14,metric
2023-01-07 02:00:00,4.91793E+14,metric
2023-01-07 04:00:00,4.91831E+14,metric
2023-01-07 06:00:00,4.91895E+14,metric
2023-01-07 08:00:00,4.91885E+14,metric
2023-01-07 10:00:00,4.9191E+14,metric
2023-01-07 12:00:00,4.91939E+14,metric
2023-01-07 14:00:00,4.91963E+14,metric
2023-01-07 16:00:00,4.91993E+14,metric
2023-01-07 18:00:00,4.92013E+14,metric
2023-01-07 20:00:00,4.92017E+14,metric
2023-01-07 22:00:00,4.92018E+14,metric
2023-01-08 00:00:00,4.88346E+14,metric
2023-01-08 02:00:00,4.92869E+14,metric
2023-01-08 04:00:00,4.929E+14,metric
2023-01-08 06:00:00,4.92928E+14,metric
2023-01-08 08:00:00,4.92953E+14,metric
2023-01-08 10:00:00,4.92971E+14,metric
2023-01-08 12:00:00,4.92987E+14,metric
2023-01-08 14:00:00,4.93011E+14,metric
2023-01-08 16:00:00,4.93036E+14,metric
2023-01-08 18:00:00,4.93049E+14,metric
2023-01-08 20:00:00,4.93063E+14,metric
2023-01-08 22:00:00,4.93093E+14,metric
2023-01-09 00:00:00,4.89194E+14,metric
2023-01-09 02:00:00,4.93878E+14,metric
2023-01-09 04:00:00,4.93908E+14,metric
2023-01-09 06:00:00,4.93972E+14,metric
2023-01-09 08:00:00,4.93978E+14,metric
2023-01-09 10:00:00,4.94002E+14,metric
2023-01-09 12:00:00,4.94007E+14,metric
2023-01-09 14:00:00,4.94008E+14,metric
2023-01-09 16:00:00,4.93972E+14,metric
2023-01-09 18:00:00,4.94006E+14,metric
2023-01-09 20:00:00,4.9403E+14,metric
2023-01-09 22:00:00,4.94052E+14,metric
2023-01-10 00:00:00,4.88227E+14,metric
2023-01-10 02:00:00,4.93663E+14,metric
2023-01-10 04:00:00,4.93787E+14,metric
2023-01-10 06:00:00,4.9385E+14,metric
2023-01-10 08:00:00,4.93839E+14,metric
2023-01-10 10:00:00,4.9396E+14,metric
2023-01-10 12:00:00,4.94148E+14,metric
2023-01-10 14:00:00,4.93923E+14,metric
2023-01-10 16:00:00,4.943E+14,metric
2023-01-10 18:00:00,4.94033E+14,metric
2023-01-10 20:00:00,4.94064E+14,metric
2023-01-10 22:00:00,4.94093E+14,metric
2023-01-11 00:00:00,4.88137E+14,metric
2023-01-11 02:00:00,4.95669E+14,metric
2023-01-11 04:00:00,4.95695E+14,metric
2023-01-11 06:00:00,4.95751E+14,metric
2023-01-11 08:00:00,4.95745E+14,metric
2023-01-11 10:00:00,4.95763E+14,metric
2023-01-11 12:00:00,4.95773E+14,metric
2023-01-11 14:00:00,4.95796E+14,metric
2023-01-11 16:00:00,4.95825E+14,metric
2023-01-11 18:00:00,4.95861E+14,metric
2023-01-11 20:00:00,4.9589E+14,metric
2023-01-11 22:00:00,4.95909E+14,metric
2023-01-12 00:00:00,4.91998E+14,metric
2023-01-12 02:00:00,5.01701E+14,metric
2023-01-12 04:00:00,5.01554E+14,metric
2023-01-12 06:00:00,5.01601E+14,metric
2023-01-12 08:00:00,5.01588E+14,metric
2023-01-12 10:00:00,5.01918E+14,metric
2023-01-12 12:00:00,5.01644E+14,metric
2023-01-12 14:00:00,5.01642E+14,metric
2023-01-12 16:00:00,5.0169E+14,metric
2023-01-12 18:00:00,5.01729E+14,metric
2023-01-12 20:00:00,5.01765E+14,metric
2023-01-12 22:00:00,5.01781E+14,metric
2023-01-13 00:00:00,4.97721E+14,metric
2023-01-13 02:00:00,5.05723E+14,metric
2023-01-13 04:00:00,5.06726E+14,metric
2023-01-13 06:00:00,5.06764E+14,metric
2023-01-13 08:00:00,5.06734E+14,metric
2023-01-13 10:00:00,5.08591E+14,metric
2023-01-13 12:00:00,5.07023E+14,metric
2023-01-13 14:00:00,5.06851E+14,metric
2023-01-13 16:00:00,5.06847E+14,metric
2023-01-13 18:00:00,5.06858E+14,metric
2023-01-13 20:00:00,5.06889E+14,metric
2023-01-13 22:00:00,5.06921E+14,metric
2023-01-14 00:00:00,5.02867E+14,metric
2023-01-14 02:00:00,5.11298E+14,metric
2023-01-14 04:00:00,5.11337E+14,metric
2023-01-14 06:00:00,5.11404E+14,metric
2023-01-14 08:00:00,5.11403E+14,metric
2023-01-14 10:00:00,5.11428E+14,metric
2023-01-14 12:00:00,5.11671E+14,metric
2023-01-14 14:00:00,5.11415E+14,metric
2023-01-14 16:00:00,5.11444E+14,metric
2023-01-14 18:00:00,5.11483E+14,metric
2023-01-14 20:00:00,5.11528E+14,metric
2023-01-14 22:00:00,5.11563E+14,metric
2023-01-15 00:00:00,5.05926E+14,metric
2023-01-15 02:00:00,5.07335E+14,metric
2023-01-15 04:00:00,5.08595E+14,metric
2023-01-15 06:00:00,5.08661E+14,metric
2023-01-15 08:00:00,5.08669E+14,metric
2023-01-15 10:00:00,5.08711E+14,metric
2023-01-15 12:00:00,5.08712E+14,metric
2023-01-15 14:00:00,5.0872E+14,metric
2023-01-15 16:00:00,5.08737E+14,metric
2023-01-15 18:00:00,5.08762E+14,metric
2023-01-15 20:00:00,5.08787E+14,metric
2023-01-15 22:00:00,5.08808E+14,metric
2023-01-16 00:00:00,5.03537E+14,metric
2023-01-16 02:00:00,5.07095E+14,metric
2023-01-16 04:00:00,5.07137E+14,metric
2023-01-16 06:00:00,5.07195E+14,metric
2023-01-16 08:00:00,5.07201E+14,metric
2023-01-16 10:00:00,5.07204E+14,metric
2023-01-16 12:00:00,5.0724E+14,metric
2023-01-16 14:00:00,5.07583E+14,metric
2023-01-16 16:00:00,5.07656E+14,metric
2023-01-16 18:00:00,5.07383E+14,metric
2023-01-16 20:00:00,5.0766E+14,metric
2023-01-16 22:00:00,5.07975E+14,metric
2023-01-17 00:00:00,5.01858E+14,metric
2023-01-17 02:00:00,5.08738E+14,metric
2023-01-17 04:00:00,5.08753E+14,metric
2023-01-17 06:00:00,5.0869E+14,metric
2023-01-17 08:00:00,5.08834E+14,metric
2023-01-17 10:00:00,5.08862E+14,metric
2023-01-17 12:00:00,5.09195E+14,metric
2023-01-17 14:00:00,5.09229E+14,metric
2023-01-17 16:00:00,5.09231E+14,metric
2023-01-17 18:00:00,5.0923E+14,metric
2023-01-17 20:00:00,5.09225E+14,metric
2023-01-17 22:00:00,5.0945E+14,metric
2023-01-18 00:00:00,5.02972E+14,metric
2023-01-18 02:00:00,5.08345E+14,metric
2023-01-18 04:00:00,5.08946E+14,metric
2023-01-18 06:00:00,5.09304E+14,metric
2023-01-18 08:00:00,5.08832E+14,metric
2023-01-18 10:00:00,5.0876E+14,metric
2023-01-18 12:00:00,5.09365E+14,metric
2023-01-18 14:00:00,5.08762E+14,metric
2023-01-18 16:00:00,5.09082E+14,metric
2023-01-18 18:00:00,5.09113E+14,metric
2023-01-18 20:00:00,5.08852E+14,metric
2023-01-18 22:00:00,5.08864E+14,metric
2023-01-19 00:00:00,5.03837E+14,metric
2023-01-19 02:00:00,5.13514E+14,metric
2023-01-19 04:00:00,5.13249E+14,metric
2023-01-19 06:00:00,5.13313E+14,metric
2023-01-19 08:00:00,5.13702E+14,metric
2023-01-19 10:00:00,5.1376E+14,metric
2023-01-19 12:00:00,5.13764E+14,metric
2023-01-19 14:00:00,5.12878E+14,metric
2023-01-19 16:00:00,5.12342E+14,metric
2023-01-19 18:00:00,5.12285E+14,metric
2023-01-19 20:00:00,5.12332E+14,metric
2023-01-19 22:00:00,5.12369E+14,metric
2023-01-20 00:00:00,5.07664E+14,metric
2023-01-20 02:00:00,5.16066E+14,metric
2023-01-20 04:00:00,5.16852E+14,metric
2023-01-20 06:00:00,5.17035E+14,metric
2023-01-20 08:00:00,5.1703E+14,metric
2023-01-20 10:00:00,5.16968E+14,metric
2023-01-20 12:00:00,5.16933E+14,metric
2023-01-20 14:00:00,5.16953E+14,metric
2023-01-20 16:00:00,5.16011E+14,metric
2023-01-20 18:00:00,5.15055E+14,metric
2023-01-20 20:00:00,5.15076E+14,metric
2023-01-20 22:00:00,5.15103E+14,metric
2023-01-21 00:00:00,5.08717E+14,metric
2023-01-21 02:00:00,5.15768E+14,metric
2023-01-21 04:00:00,5.15801E+14,metric
2023-01-21 06:00:00,5.15852E+14,metric
2023-01-21 08:00:00,5.15817E+14,metric
2023-01-21 10:00:00,5.1582E+14,metric
2023-01-21 12:00:00,5.15837E+14,metric
2023-01-21 14:00:00,5.15862E+14,metric
2023-01-21 16:00:00,5.15879E+14,metric
2023-01-21 18:00:00,5.15901E+14,metric
2023-01-21 20:00:00,5.15927E+14,metric
2023-01-21 22:00:00,5.15935E+14,metric
2023-01-22 00:00:00,5.09542E+14,metric
2023-01-22 02:00:00,5.11099E+14,metric
2023-01-22 04:00:00,5.11136E+14,metric
2023-01-22 06:00:00,5.11162E+14,metric
2023-01-22 08:00:00,5.11144E+14,metric
2023-01-22 10:00:00,5.11175E+14,metric
2023-01-22 12:00:00,5.10405E+14,metric
2023-01-22 14:00:00,5.09636E+14,metric
2023-01-22 16:00:00,5.09687E+14,metric
2023-01-22 18:00:00,5.09713E+14,metric
2023-01-22 20:00:00,5.09742E+14,metric
2023-01-22 22:00:00,5.09774E+14,metric
2023-01-23 00:00:00,5.02955E+14,metric
2023-01-23 02:00:00,5.02042E+14,metric
2023-01-23 04:00:00,5.0209E+14,metric
2023-01-23 06:00:00,5.02193E+14,metric
2023-01-23 08:00:00,5.02213E+14,metric
2023-01-23 10:00:00,5.02259E+14,metric
2023-01-23 12:00:00,5.02315E+14,metric
2023-01-23 14:00:00,5.02357E+14,metric
2023-01-23 16:00:00,5.02399E+14,metric
2023-01-23 18:00:00,5.02465E+14,metric
2023-01-23 20:00:00,5.02537E+14,metric
2023-01-23 22:00:00,5.02534E+14,metric
2023-01-24 00:00:00,4.96098E+14,metric
2023-01-24 02:00:00,5.01037E+14,metric
2023-01-24 04:00:00,5.01162E+14,metric
2023-01-24 06:00:00,5.0125E+14,metric
2023-01-24 08:00:00,5.01262E+14,metric
2023-01-24 10:00:00,5.01314E+14,metric
2023-01-24 12:00:00,5.01387E+14,metric
2023-01-24 14:00:00,5.01414E+14,metric
2023-01-24 16:00:00,5.01454E+14,metric
2023-01-24 18:00:00,5.01642E+14,metric
2023-01-24 20:00:00,5.01704E+14,metric
2023-01-24 22:00:00,5.01743E+14,metric
2023-01-25 00:00:00,4.95138E+14,metric
2023-01-25 02:00:00,5.00021E+14,metric
2023-01-25 04:00:00,5.00074E+14,metric
2023-01-25 06:00:00,5.00173E+14,metric
2023-01-25 08:00:00,5.00188E+14,metric
2023-01-25 10:00:00,5.00317E+14,metric
2023-01-25 12:00:00,5.00526E+14,metric
2023-01-25 14:00:00,5.0055E+14,metric
2023-01-25 16:00:00,5.00601E+14,metric
2023-01-25 18:00:00,5.00661E+14,metric
2023-01-25 20:00:00,5.00956E+14,metric
2023-01-25 22:00:00,5.0128E+14,metric
2023-01-26 00:00:00,4.965E+14,metric
2023-01-26 02:00:00,5.02272E+14,metric
2023-01-26 04:00:00,5.03494E+14,metric
2023-01-26 06:00:00,5.04154E+14,metric
2023-01-26 08:00:00,5.03856E+14,metric
2023-01-26 10:00:00,5.03883E+14,metric
2023-01-26 12:00:00,5.03915E+14,metric
2023-01-26 14:00:00,5.04103E+14,metric
2023-01-26 16:00:00,5.03983E+14,metric
2023-01-26 18:00:00,5.03735E+14,metric
2023-01-26 20:00:00,5.04062E+14,metric
2023-01-26 22:00:00,5.04061E+14,metric
2023-01-27 00:00:00,4.99316E+14,metric
2023-01-27 02:00:00,5.0586E+14,metric
2023-01-27 04:00:00,5.05489E+14,metric
2023-01-27 06:00:00,5.05867E+14,metric
2023-01-27 08:00:00,5.0589E+14,metric
2023-01-27 10:00:00,5.05952E+14,metric
2023-01-27 12:00:00,5.05831E+14,metric
2023-01-27 14:00:00,5.05728E+14,metric
2023-01-27 16:00:00,5.06084E+14,metric
2023-01-27 18:00:00,5.05814E+14,metric
2023-01-27 20:00:00,5.06144E+14,metric
2023-01-27 22:00:00,5.0588E+14,metric
2023-01-28 00:00:00,4.99429E+14,metric
2023-01-28 02:00:00,5.03973E+14,metric
2023-01-28 04:00:00,5.03696E+14,metric
2023-01-28 06:00:00,5.03997E+14,metric
2023-01-28 08:00:00,5.04287E+14,metric
2023-01-28 10:00:00,5.04005E+14,metric
2023-01-28 12:00:00,5.03768E+14,metric
2023-01-28 14:00:00,5.04373E+14,metric
2023-01-28 16:00:00,5.03808E+14,metric
2023-01-28 18:00:00,5.04133E+14,metric
2023-01-28 20:00:00,5.0418E+14,metric
2023-01-28 22:00:00,5.04202E+14,metric
2023-01-29 00:00:00,4.97602E+14,metric
2023-01-29 02:00:00,4.96646E+14,metric
2023-01-29 04:00:00,4.96705E+14,metric
2023-01-29 06:00:00,4.96797E+14,metric
2023-01-29 08:00:00,4.96826E+14,metric
2023-01-29 10:00:00,4.97092E+14,metric
2023-01-29 12:00:00,4.96854E+14,metric
2023-01-29 14:00:00,4.96885E+14,metric
2023-01-29 16:00:00,4.9689E+14,metric
2023-01-29 18:00:00,4.96927E+14,metric
2023-01-29 20:00:00,4.96668E+14,metric
2023-01-29 22:00:00,4.96654E+14,metric
2023-01-30 00:00:00,4.90349E+14,metric
2023-01-30 02:00:00,4.90486E+14,metric
2023-01-30 04:00:00,4.90582E+14,metric
2023-01-30 06:00:00,4.9035E+14,metric
2023-01-30 08:00:00,4.90427E+14,metric
2023-01-30 10:00:00,4.9099E+14,metric
2023-01-30 12:00:00,4.90716E+14,metric
2023-01-30 14:00:00,4.90311E+14,metric
2023-01-30 16:00:00,4.90632E+14,metric
2023-01-30 18:00:00,4.90363E+14,metric
2023-01-30 20:00:00,4.90685E+14,metric
2023-01-30 22:00:00,4.90959E+14,metric
2023-01-31 00:00:00,4.85067E+14,metric
2023-01-31 02:00:00,4.90657E+14,metric
2023-01-31 04:00:00,4.90618E+14,metric
2023-01-31 06:00:00,4.91237E+14,metric
2023-01-31 08:00:00,4.91003E+14,metric
2023-01-31 10:00:00,4.90717E+14,metric
2023-01-31 12:00:00,4.91065E+14,metric
2023-01-31 14:00:00,4.9107E+14,metric
2023-01-31 16:00:00,4.91038E+14,metric
2023-01-31 18:00:00,4.91086E+14,metric
2023-01-31 20:00:00,4.90923E+14,metric
2023-01-31 22:00:00,4.90884E+14,metric
2023-02-01 00:00:00,4.84994E+14,metric
2023-02-01 02:00:00,4.9051E+14,metric
2023-02-01 04:00:00,4.90517E+14,metric
2023-02-01 06:00:00,4.90333E+14,metric
2023-02-01 08:00:00,4.90632E+14,metric
2023-02-01 10:00:00,4.90733E+14,metric
2023-02-01 12:00:00,4.90852E+14,metric
2023-02-01 14:00:00,4.9045E+14,metric
2023-02-01 16:00:00,4.91062E+14,metric
2023-02-01 18:00:00,4.90801E+14,metric
2023-02-01 20:00:00,4.90541E+14,metric
2023-02-01 22:00:00,4.90856E+14,metric
2023-02-02 00:00:00,4.86143E+14,metric
2023-02-02 02:00:00,4.93722E+14,metric
2023-02-02 04:00:00,4.93457E+14,metric
2023-02-02 06:00:00,4.93671E+14,metric
2023-02-02 08:00:00,4.93447E+14,metric
2023-02-02 10:00:00,4.93527E+14,metric
2023-02-02 12:00:00,4.93814E+14,metric
2023-02-02 14:00:00,4.93286E+14,metric
2023-02-02 16:00:00,4.93332E+14,metric
2023-02-02 18:00:00,4.93708E+14,metric
2023-02-02 20:00:00,4.93637E+14,metric
2023-02-02 22:00:00,4.9379E+14,metric
2023-02-03 00:00:00,4.88955E+14,metric
2023-02-03 02:00:00,4.95856E+14,metric
2023-02-03 04:00:00,4.95891E+14,metric
2023-02-03 06:00:00,4.95914E+14,metric
2023-02-03 08:00:00,4.95926E+14,metric
2023-02-03 10:00:00,4.9595E+14,metric
2023-02-03 12:00:00,4.96586E+14,metric
2023-02-03 14:00:00,4.96089E+14,metric
2023-02-03 16:00:00,4.96021E+14,metric
2023-02-03 18:00:00,4.95869E+14,metric
2023-02-03 20:00:00,4.95775E+14,metric
2023-02-03 22:00:00,4.95806E+14,metric
2023-02-04 00:00:00,4.89013E+14,metric
2023-02-04 02:00:00,4.93216E+14,metric
2023-02-04 04:00:00,4.94306E+14,metric
2023-02-04 06:00:00,4.94605E+14,metric
2023-02-04 08:00:00,4.94346E+14,metric
2023-02-04 10:00:00,4.9464E+14,metric
2023-02-04 12:00:00,4.94376E+14,metric
2023-02-04 14:00:00,4.94345E+14,metric
2023-02-04 16:00:00,4.94372E+14,metric
2023-02-04 18:00:00,4.94403E+14,metric
2023-02-04 20:00:00,4.94425E+14,metric
2023-02-04 22:00:00,4.94738E+14,metric
2023-02-05 00:00:00,4.8909E+14,metric
2023-02-05 02:00:00,4.89531E+14,metric
2023-02-05 04:00:00,4.89561E+14,metric
2023-02-05 06:00:00,4.89758E+14,metric
2023-02-05 08:00:00,4.89904E+14,metric
2023-02-05 10:00:00,4.89931E+14,metric
2023-02-05 12:00:00,4.89654E+14,metric
2023-02-05 14:00:00,4.89978E+14,metric
2023-02-05 16:00:00,4.9E+14,metric
2023-02-05 18:00:00,4.89903E+14,metric
2023-02-05 20:00:00,4.8975E+14,metric
2023-02-05 22:00:00,4.89735E+14,metric
2023-02-06 00:00:00,4.83765E+14,metric
2023-02-06 02:00:00,4.8431E+14,metric
2023-02-06 04:00:00,4.84451E+14,metric
2023-02-06 06:00:00,4.84483E+14,metric
2023-02-06 08:00:00,4.84528E+14,metric
2023-02-06 10:00:00,4.84557E+14,metric
2023-02-06 12:00:00,4.84775E+14,metric
2023-02-06 14:00:00,4.84811E+14,metric
2023-02-06 16:00:00,4.84845E+14,metric
2023-02-06 18:00:00,4.85164E+14,metric
2023-02-06 20:00:00,4.84863E+14,metric
2023-02-06 22:00:00,4.84898E+14,metric
2023-02-07 00:00:00,4.79629E+14,metric
2023-02-07 02:00:00,4.86236E+14,metric
2023-02-07 04:00:00,4.86375E+14,metric
2023-02-07 06:00:00,4.86417E+14,metric
2023-02-07 08:00:00,4.86446E+14,metric
2023-02-07 10:00:00,4.86014E+14,metric
2023-02-07 12:00:00,4.8505E+14,metric
2023-02-07 14:00:00,4.85081E+14,metric
2023-02-07 16:00:00,4.85102E+14,metric
2023-02-07 18:00:00,4.85111E+14,metric
2023-02-07 20:00:00,4.85138E+14,metric
2023-02-07 22:00:00,4.85163E+14,metric
2023-02-08 00:00:00,4.79495E+14,metric
2023-02-08 02:00:00,4.85684E+14,metric
2023-02-08 04:00:00,4.85713E+14,metric
2023-02-08 06:00:00,4.8574E+14,metric
2023-02-08 08:00:00,4.85754E+14,metric
2023-02-08 10:00:00,4.85771E+14,metric
2023-02-08 12:00:00,4.85763E+14,metric
2023-02-08 14:00:00,4.85587E+14,metric
2023-02-08 16:00:00,4.85571E+14,metric
