timestamp,target_value
2023-01-25 08:00:00,5.00273E+14
2023-01-25 09:00:00,5.00272E+14
2023-01-25 10:00:00,5.0051E+14
2023-01-25 11:00:00,5.00594E+14
2023-01-25 12:00:00,5.006E+14
2023-01-25 13:00:00,5.00538E+14
2023-01-25 14:00:00,5.00628E+14
2023-01-25 15:00:00,5.00661E+14
2023-01-25 16:00:00,5.00688E+14
2023-01-25 17:00:00,5.00715E+14
2023-01-25 18:00:00,5.00742E+14
2023-01-25 19:00:00,5.00725E+14
2023-01-25 20:00:00,5.00743E+14
2023-01-25 21:00:00,5.00777E+14
2023-01-25 22:00:00,5.00803E+14
2023-01-25 23:00:00,5.00832E+14
2023-01-26 00:00:00,4.92488E+14
2023-01-26 01:00:00,5.00484E+14
2023-01-26 02:00:00,5.03362E+14
2023-01-26 03:00:00,5.03556E+14
2023-01-26 04:00:00,5.03506E+14
2023-01-26 05:00:00,5.03631E+14
2023-01-26 06:00:00,5.03704E+14
2023-01-26 07:00:00,5.03625E+14
2023-01-26 08:00:00,5.03642E+14
2023-01-26 09:00:00,5.03667E+14
2023-01-26 10:00:00,5.03702E+14
2023-01-26 11:00:00,5.03699E+14
2023-01-26 12:00:00,5.03714E+14
2023-01-26 13:00:00,5.03727E+14
2023-01-26 14:00:00,5.03742E+14
2023-01-26 15:00:00,5.03758E+14
2023-01-26 16:00:00,5.03767E+14
2023-01-26 17:00:00,5.03795E+14
2023-01-26 18:00:00,5.03811E+14
2023-01-26 19:00:00,5.03831E+14
2023-01-26 20:00:00,5.0385E+14
2023-01-26 21:00:00,5.03853E+14
2023-01-26 22:00:00,5.03869E+14
2023-01-26 23:00:00,5.03899E+14
2023-01-27 00:00:00,4.95117E+14
2023-01-27 01:00:00,5.0443E+14
2023-01-27 02:00:00,5.05504E+14
2023-01-27 03:00:00,5.05525E+14
2023-01-27 04:00:00,5.05539E+14
2023-01-27 05:00:00,5.05622E+14
2023-01-27 06:00:00,5.05704E+14
2023-01-27 07:00:00,5.05691E+14
2023-01-27 08:00:00,5.05704E+14
2023-01-27 09:00:00,5.05725E+14
2023-01-27 10:00:00,5.05662E+14
2023-01-27 11:00:00,5.05768E+14
2023-01-27 12:00:00,5.05786E+14
2023-01-27 13:00:00,5.05795E+14
2023-01-27 14:00:00,5.0581E+14
2023-01-27 15:00:00,5.05859E+14
2023-01-27 16:00:00,5.05869E+14
2023-01-27 17:00:00,5.05878E+14
2023-01-27 18:00:00,5.05896E+14
2023-01-27 19:00:00,5.05917E+14
2023-01-27 20:00:00,5.0593E+14
2023-01-27 21:00:00,5.05945E+14
2023-01-27 22:00:00,5.05958E+14
2023-01-27 23:00:00,5.05978E+14
2023-01-28 00:00:00,4.93582E+14
2023-01-28 01:00:00,5.02951E+14
2023-01-28 02:00:00,5.03787E+14
2023-01-28 03:00:00,5.03763E+14
2023-01-28 04:00:00,5.0374E+14
2023-01-28 05:00:00,5.0379E+14
2023-01-28 06:00:00,5.03804E+14
2023-01-28 07:00:00,5.03747E+14
2023-01-28 08:00:00,5.0378E+14
2023-01-28 09:00:00,5.03802E+14
2023-01-28 10:00:00,5.03821E+14
2023-01-28 11:00:00,5.03761E+14
2023-01-28 12:00:00,5.03846E+14
2023-01-28 13:00:00,5.03856E+14
2023-01-28 14:00:00,5.03866E+14
2023-01-28 15:00:00,5.03878E+14
2023-01-28 16:00:00,5.03876E+14
2023-01-28 17:00:00,5.03902E+14
2023-01-28 18:00:00,5.03927E+14
2023-01-28 19:00:00,5.03948E+14
2023-01-28 20:00:00,5.03962E+14
2023-01-28 21:00:00,5.03975E+14
2023-01-28 22:00:00,5.03982E+14
2023-01-28 23:00:00,5.04002E+14
2023-01-29 00:00:00,4.91892E+14
2023-01-29 01:00:00,4.96085E+14
2023-01-29 02:00:00,4.96458E+14
2023-01-29 03:00:00,4.96473E+14
2023-01-29 04:00:00,4.96489E+14
2023-01-29 05:00:00,4.96527E+14
2023-01-29 06:00:00,4.96613E+14
2023-01-29 07:00:00,4.9663E+14
2023-01-29 08:00:00,4.96601E+14
2023-01-29 09:00:00,4.96603E+14
2023-01-29 10:00:00,4.96612E+14
2023-01-29 11:00:00,4.96622E+14
2023-01-29 12:00:00,4.96638E+14
2023-01-29 13:00:00,4.96651E+14
2023-01-29 14:00:00,4.96668E+14
2023-01-29 15:00:00,4.96682E+14
2023-01-29 16:00:00,4.96686E+14
2023-01-29 17:00:00,4.96697E+14
2023-01-29 18:00:00,4.96713E+14
2023-01-29 19:00:00,4.96731E+14
2023-01-29 20:00:00,4.96738E+14
2023-01-29 21:00:00,4.96735E+14
2023-01-29 22:00:00,4.96719E+14
2023-01-29 23:00:00,4.96729E+14
2023-01-30 00:00:00,4.85227E+14
2023-01-30 01:00:00,4.8987E+14
2023-01-30 02:00:00,4.90327E+14
2023-01-30 03:00:00,4.90347E+14
2023-01-30 04:00:00,4.90294E+14
2023-01-30 05:00:00,4.90376E+14
2023-01-30 06:00:00,4.90387E+14
2023-01-30 07:00:00,4.90495E+14
2023-01-30 08:00:00,4.90476E+14
2023-01-30 09:00:00,4.90471E+14
2023-01-30 10:00:00,4.90447E+14
2023-01-30 11:00:00,4.90403E+14
2023-01-30 12:00:00,4.90358E+14
2023-01-30 13:00:00,4.90371E+14
2023-01-30 14:00:00,4.90389E+14
2023-01-30 15:00:00,4.90333E+14
2023-01-30 16:00:00,4.9041E+14
2023-01-30 17:00:00,4.90372E+14
2023-01-30 18:00:00,4.90431E+14
2023-01-30 19:00:00,4.90452E+14
2023-01-30 20:00:00,4.90472E+14
2023-01-30 21:00:00,4.90491E+14
2023-01-30 22:00:00,4.90508E+14
2023-01-30 23:00:00,4.9052E+14
2023-01-31 00:00:00,4.79858E+14
2023-01-31 01:00:00,4.89629E+14
2023-01-31 02:00:00,4.90671E+14
2023-01-31 03:00:00,4.90683E+14
2023-01-31 04:00:00,4.90625E+14
2023-01-31 05:00:00,4.90709E+14
2023-01-31 06:00:00,4.90776E+14
2023-01-31 07:00:00,4.9081E+14
2023-01-31 08:00:00,4.90813E+14
2023-01-31 09:00:00,4.9078E+14
2023-01-31 10:00:00,4.90799E+14
2023-01-31 11:00:00,4.90759E+14
2023-01-31 12:00:00,4.9085E+14
2023-01-31 13:00:00,4.90846E+14
2023-01-31 14:00:00,4.9084E+14
2023-01-31 15:00:00,4.90858E+14
2023-01-31 16:00:00,4.90795E+14
2023-01-31 17:00:00,4.90886E+14
2023-01-31 18:00:00,4.90906E+14
2023-01-31 19:00:00,4.90925E+14
2023-01-31 20:00:00,4.90941E+14
2023-01-31 21:00:00,4.9095E+14
2023-01-31 22:00:00,4.90963E+14
2023-01-31 23:00:00,4.90979E+14
2023-02-01 00:00:00,4.79748E+14
2023-02-01 01:00:00,4.89471E+14
2023-02-01 02:00:00,4.90223E+14
2023-02-01 03:00:00,4.9031E+14
2023-02-01 04:00:00,4.90295E+14
2023-02-01 05:00:00,4.90364E+14
2023-02-01 06:00:00,4.90438E+14
2023-02-01 07:00:00,4.90408E+14
2023-02-01 08:00:00,4.90413E+14
2023-02-01 09:00:00,4.90501E+14
2023-02-01 10:00:00,4.90513E+14
2023-02-01 11:00:00,4.90525E+14
2023-02-01 12:00:00,4.9051E+14
2023-02-01 13:00:00,4.90514E+14
2023-02-01 14:00:00,4.90529E+14
2023-02-01 15:00:00,4.90549E+14
2023-02-01 16:00:00,4.90556E+14
2023-02-01 17:00:00,4.90573E+14
2023-02-01 18:00:00,4.90588E+14
2023-02-01 19:00:00,4.90609E+14
2023-02-01 20:00:00,4.90619E+14
2023-02-01 21:00:00,4.90628E+14
2023-02-01 22:00:00,4.90638E+14
2023-02-01 23:00:00,4.90663E+14
2023-02-02 00:00:00,4.81923E+14
2023-02-02 01:00:00,4.92101E+14
2023-02-02 02:00:00,4.93213E+14
2023-02-02 03:00:00,4.93227E+14
2023-02-02 04:00:00,4.9322E+14
2023-02-02 05:00:00,4.93259E+14
2023-02-02 06:00:00,4.93272E+14
2023-02-02 07:00:00,4.93286E+14
2023-02-02 08:00:00,4.93309E+14
2023-02-02 09:00:00,4.93318E+14
2023-02-02 10:00:00,4.93294E+14
2023-02-02 11:00:00,4.93312E+14
2023-02-02 12:00:00,4.93328E+14
2023-02-02 13:00:00,4.93344E+14
2023-02-02 14:00:00,4.93298E+14
2023-02-02 15:00:00,4.93399E+14
2023-02-02 16:00:00,4.93399E+14
2023-02-02 17:00:00,4.93492E+14
2023-02-02 18:00:00,4.9352E+14
2023-02-02 19:00:00,4.93532E+14
2023-02-02 20:00:00,4.93544E+14
2023-02-02 21:00:00,4.93562E+14
2023-02-02 22:00:00,4.93574E+14
2023-02-02 23:00:00,4.9359E+14
2023-02-03 00:00:00,4.84679E+14
2023-02-03 01:00:00,4.9509E+14
2023-02-03 02:00:00,4.9594E+14
2023-02-03 03:00:00,4.95956E+14
2023-02-03 04:00:00,4.95903E+14
2023-02-03 05:00:00,4.95916E+14
2023-02-03 06:00:00,4.95993E+14
2023-02-03 07:00:00,4.95987E+14
2023-02-03 08:00:00,4.96005E+14
2023-02-03 09:00:00,4.9602E+14
2023-02-03 10:00:00,4.96026E+14
2023-02-03 11:00:00,4.96058E+14
2023-02-03 12:00:00,4.96078E+14
2023-02-03 13:00:00,4.96098E+14
2023-02-03 14:00:00,4.96187E+14
2023-02-03 15:00:00,4.96168E+14
2023-02-03 16:00:00,4.96048E+14
2023-02-03 17:00:00,4.95925E+14
2023-02-03 18:00:00,4.95933E+14
2023-02-03 19:00:00,4.95899E+14
2023-02-03 20:00:00,4.95852E+14
2023-02-03 21:00:00,4.95867E+14
2023-02-03 22:00:00,4.95889E+14
2023-02-03 23:00:00,4.95907E+14
2023-02-04 00:00:00,4.83372E+14
2023-02-04 01:00:00,4.9158E+14
2023-02-04 02:00:00,4.94292E+14
2023-02-04 03:00:00,4.94388E+14
2023-02-04 04:00:00,4.94326E+14
2023-02-04 05:00:00,4.94378E+14
2023-02-04 06:00:00,4.94392E+14
2023-02-04 07:00:00,4.94409E+14
2023-02-04 08:00:00,4.94425E+14
2023-02-04 09:00:00,4.94441E+14
2023-02-04 10:00:00,4.94442E+14
2023-02-04 11:00:00,4.94441E+14
2023-02-04 12:00:00,4.94458E+14
2023-02-04 13:00:00,4.94418E+14
2023-02-04 14:00:00,4.94423E+14
2023-02-04 15:00:00,4.94441E+14
2023-02-04 16:00:00,4.94451E+14
2023-02-04 17:00:00,4.94466E+14
2023-02-04 18:00:00,4.94479E+14
2023-02-04 19:00:00,4.94493E+14
2023-02-04 20:00:00,4.94501E+14
2023-02-04 21:00:00,4.94516E+14
2023-02-04 22:00:00,4.94534E+14
2023-02-04 23:00:00,4.94574E+14
2023-02-05 00:00:00,4.84154E+14
2023-02-05 01:00:00,4.89265E+14
2023-02-05 02:00:00,4.89612E+14
2023-02-05 03:00:00,4.8963E+14
2023-02-05 04:00:00,4.89614E+14
2023-02-05 05:00:00,4.89647E+14
2023-02-05 06:00:00,4.8966E+14
2023-02-05 07:00:00,4.89672E+14
2023-02-05 08:00:00,4.89687E+14
2023-02-05 09:00:00,4.89704E+14
2023-02-05 10:00:00,4.89709E+14
2023-02-05 11:00:00,4.89721E+14
2023-02-05 12:00:00,4.89732E+14
2023-02-05 13:00:00,4.89749E+14
2023-02-05 14:00:00,4.89757E+14
2023-02-05 15:00:00,4.89772E+14
2023-02-05 16:00:00,4.8978E+14
2023-02-05 17:00:00,4.89792E+14
2023-02-05 18:00:00,4.89811E+14
2023-02-05 19:00:00,4.89821E+14
2023-02-05 20:00:00,4.89828E+14
2023-02-05 21:00:00,4.89808E+14
2023-02-05 22:00:00,4.89809E+14
2023-02-05 23:00:00,4.89821E+14
2023-02-06 00:00:00,4.78967E+14
2023-02-06 01:00:00,4.83873E+14
2023-02-06 02:00:00,4.84485E+14
2023-02-06 03:00:00,4.84512E+14
2023-02-06 04:00:00,4.84509E+14
2023-02-06 05:00:00,4.84546E+14
2023-02-06 06:00:00,4.84564E+14
2023-02-06 07:00:00,4.8452E+14
2023-02-06 08:00:00,4.84611E+14
2023-02-06 09:00:00,4.84625E+14
2023-02-06 10:00:00,4.84579E+14
2023-02-06 11:00:00,4.84837E+14
2023-02-06 12:00:00,4.84857E+14
2023-02-06 13:00:00,4.84877E+14
2023-02-06 14:00:00,4.84887E+14
2023-02-06 15:00:00,4.84909E+14
2023-02-06 16:00:00,4.84921E+14
2023-02-06 17:00:00,4.84938E+14
2023-02-06 18:00:00,4.84944E+14
2023-02-06 19:00:00,4.84935E+14
2023-02-06 20:00:00,4.84944E+14
2023-02-06 21:00:00,4.84962E+14
2023-02-06 22:00:00,4.84979E+14
2023-02-06 23:00:00,4.84999E+14
2023-02-07 00:00:00,4.75338E+14
2023-02-07 01:00:00,4.84925E+14
2023-02-07 02:00:00,4.86425E+14
2023-02-07 03:00:00,4.86442E+14
2023-02-07 04:00:00,4.86415E+14
2023-02-07 05:00:00,4.86484E+14
2023-02-07 06:00:00,4.86492E+14
2023-02-07 07:00:00,4.86508E+14
2023-02-07 08:00:00,4.86522E+14
2023-02-07 09:00:00,4.86258E+14
2023-02-07 10:00:00,4.86227E+14
2023-02-07 11:00:00,4.85106E+14
2023-02-07 12:00:00,4.85133E+14
2023-02-07 13:00:00,4.85143E+14
2023-02-07 14:00:00,4.85161E+14
2023-02-07 15:00:00,4.85182E+14
2023-02-07 16:00:00,4.85163E+14
2023-02-07 17:00:00,4.85179E+14
2023-02-07 18:00:00,4.85192E+14
2023-02-07 19:00:00,4.85205E+14
2023-02-07 20:00:00,4.85213E+14
2023-02-07 21:00:00,4.85227E+14
2023-02-07 22:00:00,4.85238E+14
2023-02-07 23:00:00,4.8525E+14
2023-02-08 00:00:00,4.75001E+14
2023-02-08 01:00:00,4.84899E+14
2023-02-08 02:00:00,4.85766E+14
2023-02-08 03:00:00,4.8578E+14
2023-02-08 04:00:00,4.85768E+14
2023-02-08 05:00:00,4.85804E+14
2023-02-08 06:00:00,4.85814E+14
2023-02-08 07:00:00,4.85821E+14
2023-02-08 08:00:00,4.8583E+14
2023-02-08 09:00:00,4.85842E+14
2023-02-08 10:00:00,4.8585E+14
2023-02-08 11:00:00,4.85861E+14
2023-02-08 12:00:00,4.85772E+14
2023-02-08 13:00:00,4.8574E+14
2023-02-08 14:00:00,4.85639E+14
2023-02-08 15:00:00,4.85642E+14
2023-02-08 16:00:00,4.85655E+14
2023-02-08 17:00:00,4.85708E+14
2023-02-08 18:00:00,4.85729E+14
2023-02-08 19:00:00,4.8575E+14
2023-02-08 20:00:00,4.85769E+14
2023-02-08 21:00:00,4.85787E+14
2023-02-08 22:00:00,4.85801E+14
2023-02-08 23:00:00,4.8583E+14
2023-02-09 00:00:00,4.78627E+14
2023-02-09 01:00:00,4.8881E+14
2023-02-09 02:00:00,4.89761E+14
2023-02-09 03:00:00,4.89784E+14
2023-02-09 04:00:00,4.89774E+14
2023-02-09 05:00:00,4.8982E+14
2023-02-09 06:00:00,4.89831E+14
2023-02-09 07:00:00,4.89845E+14
2023-02-09 08:00:00,4.89857E+14
2023-02-09 09:00:00,4.89868E+14
2023-02-09 10:00:00,4.89886E+14
2023-02-09 11:00:00,4.89903E+14
2023-02-09 12:00:00,4.8989E+14
2023-02-09 13:00:00,4.89902E+14
2023-02-09 14:00:00,4.89906E+14
2023-02-09 15:00:00,4.89903E+14
2023-02-09 16:00:00,4.8992E+14
2023-02-09 17:00:00,4.89944E+14
2023-02-09 18:00:00,4.89956E+14
2023-02-09 19:00:00,4.89974E+14
2023-02-09 20:00:00,4.89992E+14
2023-02-09 21:00:00,4.90006E+14
2023-02-09 22:00:00,4.90017E+14
2023-02-09 23:00:00,4.9003E+14
2023-02-10 00:00:00,4.82925E+14
2023-02-10 01:00:00,4.92666E+14
2023-02-10 02:00:00,4.93501E+14
2023-02-10 03:00:00,4.93513E+14
2023-02-10 04:00:00,4.93483E+14
2023-02-10 05:00:00,4.93523E+14
2023-02-10 06:00:00,4.93533E+14
2023-02-10 07:00:00,4.93546E+14
2023-02-10 08:00:00,4.93531E+14
2023-02-10 09:00:00,4.93531E+14
2023-02-10 10:00:00,4.93554E+14
2023-02-10 11:00:00,4.9357E+14
2023-02-10 12:00:00,4.9359E+14
2023-02-10 13:00:00,4.93607E+14
2023-02-10 14:00:00,4.93622E+14
2023-02-10 15:00:00,4.93636E+14
2023-02-10 16:00:00,4.93631E+14
2023-02-10 17:00:00,4.93638E+14
2023-02-10 18:00:00,4.93649E+14
2023-02-10 19:00:00,4.93663E+14
2023-02-10 20:00:00,4.93677E+14
2023-02-10 21:00:00,4.93699E+14
2023-02-10 22:00:00,4.93708E+14
2023-02-10 23:00:00,4.9374E+14
2023-02-11 00:00:00,4.83676E+14
2023-02-11 01:00:00,4.8851E+14
2023-02-11 02:00:00,4.92938E+14
2023-02-11 03:00:00,4.93246E+14
2023-02-11 04:00:00,4.93233E+14
2023-02-11 05:00:00,4.93249E+14
2023-02-11 06:00:00,4.93236E+14
2023-02-11 07:00:00,4.9324E+14
2023-02-11 08:00:00,4.93253E+14
2023-02-11 09:00:00,4.93272E+14
2023-02-11 10:00:00,4.67229E+14
2023-02-11 11:00:00,4.64633E+14
2023-02-11 12:00:00,4.64458E+14
2023-02-11 13:00:00,4.64468E+14
2023-02-11 14:00:00,4.64477E+14
2023-02-11 15:00:00,4.6449E+14
2023-02-11 16:00:00,4.64486E+14
2023-02-11 17:00:00,4.64537E+14
2023-02-11 18:00:00,4.64552E+14
2023-02-11 19:00:00,4.64565E+14
2023-02-11 20:00:00,4.64571E+14
2023-02-11 21:00:00,4.64579E+14
2023-02-11 22:00:00,4.64582E+14
2023-02-11 23:00:00,4.64593E+14
2023-02-12 00:00:00,4.55433E+14
2023-02-12 01:00:00,4.6001E+14
2023-02-12 02:00:00,4.60374E+14
2023-02-12 03:00:00,4.60388E+14
2023-02-12 04:00:00,4.60296E+14
2023-02-12 05:00:00,4.60365E+14
2023-02-12 06:00:00,4.60375E+14
2023-02-12 07:00:00,4.6038E+14
2023-02-12 08:00:00,4.60389E+14
2023-02-12 09:00:00,4.60405E+14
2023-02-12 10:00:00,4.60415E+14
2023-02-12 11:00:00,4.60427E+14
2023-02-12 12:00:00,4.60437E+14
2023-02-12 13:00:00,4.60443E+14
2023-02-12 14:00:00,4.60451E+14
2023-02-12 15:00:00,4.60459E+14
2023-02-12 16:00:00,4.60474E+14
2023-02-12 17:00:00,4.60482E+14
2023-02-12 18:00:00,4.60493E+14
2023-02-12 19:00:00,4.60507E+14
2023-02-12 20:00:00,4.60517E+14
2023-02-12 21:00:00,4.60527E+14
2023-02-12 22:00:00,4.60531E+14
2023-02-12 23:00:00,4.6054E+14
2023-02-13 00:00:00,4.51431E+14
2023-02-13 01:00:00,4.55911E+14
2023-02-13 02:00:00,4.56188E+14
2023-02-13 03:00:00,4.56207E+14
2023-02-13 04:00:00,4.56195E+14
2023-02-13 05:00:00,4.56242E+14
2023-02-13 06:00:00,4.56254E+14
2023-02-13 07:00:00,4.56269E+14
2023-02-13 08:00:00,4.56281E+14
2023-02-13 09:00:00,4.56293E+14
2023-02-13 10:00:00,4.5629E+14
2023-02-13 11:00:00,4.563E+14
2023-02-13 12:00:00,4.56312E+14
2023-02-13 13:00:00,4.56326E+14
2023-02-13 14:00:00,4.56344E+14
2023-02-13 15:00:00,4.56356E+14
2023-02-13 16:00:00,4.56366E+14
2023-02-13 17:00:00,4.56382E+14
2023-02-13 18:00:00,4.56394E+14
2023-02-13 19:00:00,4.56409E+14
2023-02-13 20:00:00,4.5642E+14
2023-02-13 21:00:00,4.56396E+14
2023-02-13 22:00:00,4.56399E+14
2023-02-13 23:00:00,4.56413E+14
2023-02-14 00:00:00,4.48151E+14
2023-02-14 01:00:00,4.57959E+14
2023-02-14 02:00:00,4.58942E+14
2023-02-14 03:00:00,4.58956E+14
2023-02-14 04:00:00,4.58932E+14
2023-02-14 05:00:00,4.58968E+14
2023-02-14 06:00:00,4.58979E+14
2023-02-14 07:00:00,4.58988E+14
2023-02-14 08:00:00,4.58998E+14
2023-02-14 09:00:00,4.59018E+14
2023-02-14 10:00:00,4.59028E+14
2023-02-14 11:00:00,4.59039E+14
2023-02-14 12:00:00,4.5905E+14
2023-02-14 13:00:00,4.5906E+14
2023-02-14 14:00:00,4.59071E+14
2023-02-14 15:00:00,4.59086E+14
2023-02-14 16:00:00,4.59093E+14
2023-02-14 17:00:00,4.59102E+14
2023-02-14 18:00:00,4.59093E+14
2023-02-14 19:00:00,4.59078E+14
2023-02-14 20:00:00,4.59094E+14
2023-02-14 21:00:00,4.59096E+14
2023-02-14 22:00:00,4.59106E+14
2023-02-14 23:00:00,4.5911E+14
2023-02-15 00:00:00,4.50642E+14
2023-02-15 01:00:00,4.60559E+14
2023-02-15 02:00:00,4.61388E+14
2023-02-15 03:00:00,4.61399E+14
2023-02-15 04:00:00,4.61388E+14
2023-02-15 05:00:00,4.61426E+14
2023-02-15 06:00:00,4.61437E+14
2023-02-15 07:00:00,4.61446E+14
2023-02-15 08:00:00,4.61446E+14
2023-02-15 09:00:00,4.61376E+14
2023-02-15 10:00:00,4.61325E+14
2023-02-15 11:00:00,4.6142E+14
2023-02-15 12:00:00,4.61434E+14
2023-02-15 13:00:00,4.61416E+14
2023-02-15 14:00:00,4.6136E+14
2023-02-15 15:00:00,4.61359E+14
2023-02-15 16:00:00,4.61219E+14
2023-02-15 17:00:00,4.60699E+14
2023-02-15 18:00:00,4.60714E+14
2023-02-15 19:00:00,4.60738E+14
2023-02-15 20:00:00,4.60758E+14
2023-02-15 21:00:00,4.60769E+14
2023-02-15 22:00:00,4.60783E+14
2023-02-15 23:00:00,4.60799E+14
2023-02-16 00:00:00,4.54726E+14
2023-02-16 01:00:00,4.64661E+14
2023-02-16 02:00:00,4.65608E+14
2023-02-16 03:00:00,4.65558E+14
2023-02-16 04:00:00,4.65626E+14
2023-02-16 05:00:00,4.65679E+14
2023-02-16 06:00:00,4.65706E+14
2023-02-16 07:00:00,4.65721E+14
2023-02-16 08:00:00,4.65744E+14
2023-02-16 09:00:00,4.65756E+14
2023-02-16 10:00:00,4.65672E+14
2023-02-16 11:00:00,4.65511E+14
2023-02-16 12:00:00,4.65095E+14
2023-02-16 13:00:00,4.64991E+14
2023-02-16 14:00:00,4.64988E+14
2023-02-16 15:00:00,4.65017E+14
2023-02-16 16:00:00,4.65044E+14
2023-02-16 17:00:00,4.65005E+14
2023-02-16 18:00:00,4.65114E+14
2023-02-16 19:00:00,4.65142E+14
2023-02-16 20:00:00,4.65168E+14
2023-02-16 21:00:00,4.65202E+14
2023-02-16 22:00:00,4.65223E+14
2023-02-16 23:00:00,4.65259E+14
2023-02-17 00:00:00,4.59404E+14
2023-02-17 01:00:00,4.70056E+14
2023-02-17 02:00:00,4.71026E+14
2023-02-17 03:00:00,4.71065E+14
2023-02-17 04:00:00,4.71055E+14
2023-02-17 05:00:00,4.71076E+14
2023-02-17 06:00:00,4.71105E+14
2023-02-17 07:00:00,4.71124E+14
2023-02-17 08:00:00,4.71159E+14
2023-02-17 09:00:00,4.71215E+14
2023-02-17 10:00:00,4.71178E+14
2023-02-17 11:00:00,4.71166E+14
2023-02-17 12:00:00,4.71195E+14
2023-02-17 13:00:00,4.71218E+14
2023-02-17 14:00:00,4.71249E+14
2023-02-17 15:00:00,4.71274E+14
2023-02-17 16:00:00,4.71304E+14
2023-02-17 17:00:00,4.71334E+14
2023-02-17 18:00:00,4.71367E+14
2023-02-17 19:00:00,4.71382E+14
2023-02-17 20:00:00,4.71385E+14
2023-02-17 21:00:00,4.71399E+14
2023-02-17 22:00:00,4.71417E+14
2023-02-17 23:00:00,4.71435E+14
2023-02-18 00:00:00,4.62197E+14
2023-02-18 01:00:00,4.71724E+14
2023-02-18 02:00:00,4.72678E+14
2023-02-18 03:00:00,4.72687E+14
2023-02-18 04:00:00,4.72666E+14
2023-02-18 05:00:00,4.72706E+14
2023-02-18 06:00:00,4.72716E+14
2023-02-18 07:00:00,4.72732E+14
2023-02-18 08:00:00,4.72746E+14
2023-02-18 09:00:00,4.72762E+14
2023-02-18 10:00:00,4.72773E+14
2023-02-18 11:00:00,4.7279E+14
2023-02-18 12:00:00,4.72792E+14
2023-02-18 13:00:00,4.72783E+14
2023-02-18 14:00:00,4.72816E+14
2023-02-18 15:00:00,4.72842E+14
2023-02-18 16:00:00,4.7286E+14
2023-02-18 17:00:00,4.72875E+14
2023-02-18 18:00:00,4.72889E+14
2023-02-18 19:00:00,4.72901E+14
2023-02-18 20:00:00,4.72896E+14
2023-02-18 21:00:00,4.72911E+14
2023-02-18 22:00:00,4.7289E+14
2023-02-18 23:00:00,4.72886E+14
2023-02-19 00:00:00,4.64156E+14
2023-02-19 01:00:00,4.68833E+14
2023-02-19 02:00:00,4.69077E+14
2023-02-19 03:00:00,4.69082E+14
2023-02-19 04:00:00,4.69071E+14
2023-02-19 05:00:00,4.69104E+14
2023-02-19 06:00:00,4.69114E+14
2023-02-19 07:00:00,4.69127E+14
2023-02-19 08:00:00,4.6914E+14
2023-02-19 09:00:00,4.69155E+14
2023-02-19 10:00:00,4.69159E+14
2023-02-19 11:00:00,4.69171E+14
2023-02-19 12:00:00,4.69169E+14
2023-02-19 13:00:00,4.69094E+14
2023-02-19 14:00:00,4.6918E+14
2023-02-19 15:00:00,4.69198E+14
2023-02-19 16:00:00,4.69211E+14
2023-02-19 17:00:00,4.69225E+14
2023-02-19 18:00:00,4.69239E+14
2023-02-19 19:00:00,4.6922E+14
2023-02-19 20:00:00,4.69215E+14
2023-02-19 21:00:00,4.69228E+14
2023-02-19 22:00:00,4.6924E+14
2023-02-19 23:00:00,4.69251E+14
2023-02-20 00:00:00,4.60916E+14
2023-02-20 01:00:00,4.65739E+14
2023-02-20 02:00:00,4.66069E+14
2023-02-20 03:00:00,4.66084E+14
2023-02-20 04:00:00,4.66064E+14
2023-02-20 05:00:00,4.66116E+14
2023-02-20 06:00:00,4.6613E+14
2023-02-20 07:00:00,4.66153E+14
2023-02-20 08:00:00,4.6617E+14
2023-02-20 09:00:00,4.66186E+14
2023-02-20 10:00:00,4.66204E+14
2023-02-20 11:00:00,4.6622E+14
2023-02-20 12:00:00,4.66212E+14
2023-02-20 13:00:00,4.66211E+14
2023-02-20 14:00:00,4.66225E+14
2023-02-20 15:00:00,4.66246E+14
2023-02-20 16:00:00,4.66232E+14
2023-02-20 17:00:00,4.66257E+14
2023-02-20 18:00:00,4.66272E+14
2023-02-20 19:00:00,4.66284E+14
2023-02-20 20:00:00,4.66299E+14
2023-02-20 21:00:00,4.66316E+14
2023-02-20 22:00:00,4.66325E+14
2023-02-20 23:00:00,4.66341E+14
2023-02-21 00:00:00,4.57605E+14
2023-02-21 01:00:00,4.65322E+14
2023-02-21 02:00:00,4.67049E+14
2023-02-21 03:00:00,4.67096E+14
2023-02-21 04:00:00,4.67091E+14
2023-02-21 05:00:00,4.67147E+14
2023-02-21 06:00:00,4.67168E+14
2023-02-21 07:00:00,4.67192E+14
2023-02-21 08:00:00,4.67207E+14
2023-02-21 09:00:00,4.67239E+14
2023-02-21 10:00:00,4.67269E+14
2023-02-21 11:00:00,4.67274E+14
2023-02-21 12:00:00,4.67201E+14
2023-02-21 13:00:00,4.67224E+14
2023-02-21 14:00:00,4.67248E+14
2023-02-21 15:00:00,4.65723E+14
2023-02-21 16:00:00,4.65506E+14
2023-02-21 17:00:00,4.64355E+14
2023-02-21 18:00:00,4.62651E+14
2023-02-21 19:00:00,4.62667E+14
2023-02-21 20:00:00,4.62682E+14
2023-02-21 21:00:00,4.62704E+14
2023-02-21 22:00:00,4.62725E+14
2023-02-21 23:00:00,4.6274E+14
2023-02-22 00:00:00,4.53488E+14
2023-02-22 01:00:00,4.63358E+14
2023-02-22 02:00:00,4.64184E+14
2023-02-22 03:00:00,4.64224E+14
2023-02-22 04:00:00,4.64221E+14
2023-02-22 05:00:00,4.64284E+14
2023-02-22 06:00:00,4.64296E+14
2023-02-22 07:00:00,4.6431E+14
2023-02-22 08:00:00,4.64321E+14
2023-02-22 09:00:00,4.64299E+14
2023-02-22 10:00:00,4.64313E+14
2023-02-22 11:00:00,4.64326E+14
2023-02-22 12:00:00,4.64327E+14
2023-02-22 13:00:00,4.64302E+14
2023-02-22 14:00:00,4.64334E+14
2023-02-22 15:00:00,4.64353E+14
2023-02-22 16:00:00,4.64368E+14
2023-02-22 17:00:00,4.64383E+14
2023-02-22 18:00:00,4.64397E+14
2023-02-22 19:00:00,4.64411E+14
2023-02-22 20:00:00,4.64416E+14
2023-02-22 21:00:00,4.64431E+14
2023-02-22 22:00:00,4.64441E+14
2023-02-22 23:00:00,4.64449E+14
2023-02-23 00:00:00,4.58736E+14
2023-02-23 01:00:00,4.68826E+14
2023-02-23 02:00:00,4.69651E+14
2023-02-23 03:00:00,4.69675E+14
2023-02-23 04:00:00,4.69657E+14
2023-02-23 05:00:00,4.69696E+14
2023-02-23 06:00:00,4.69713E+14
2023-02-23 07:00:00,4.69715E+14
2023-02-23 08:00:00,4.69627E+14
2023-02-23 09:00:00,4.69715E+14
2023-02-23 10:00:00,4.69744E+14
2023-02-23 11:00:00,4.69755E+14
2023-02-23 12:00:00,4.69771E+14
2023-02-23 13:00:00,4.69787E+14
2023-02-23 14:00:00,4.69793E+14
2023-02-23 15:00:00,4.69814E+14
2023-02-23 16:00:00,4.69831E+14
2023-02-23 17:00:00,4.69853E+14
2023-02-23 18:00:00,4.69873E+14
2023-02-23 19:00:00,4.69899E+14
2023-02-23 20:00:00,4.69919E+14
2023-02-23 21:00:00,4.69947E+14
2023-02-23 22:00:00,4.69953E+14
2023-02-23 23:00:00,4.69941E+14
2023-02-24 00:00:00,4.64026E+14
2023-02-24 01:00:00,4.74022E+14
2023-02-24 02:00:00,4.74766E+14
2023-02-24 03:00:00,4.74778E+14
2023-02-24 04:00:00,4.7477E+14
2023-02-24 05:00:00,4.74805E+14
2023-02-24 06:00:00,4.74819E+14
2023-02-24 07:00:00,4.74831E+14
2023-02-24 08:00:00,4.7484E+14
2023-02-24 09:00:00,4.74851E+14
2023-02-24 10:00:00,4.74868E+14
2023-02-24 11:00:00,4.75042E+14
2023-02-24 12:00:00,4.75126E+14
2023-02-24T13:00:00Z,4.79E+14
2023-02-24T14:00:00Z,4.78E+14
2023-02-24T15:00:00Z,4.75E+14
2023-02-24T16:00:00Z,4.77E+14
2023-02-24T17:00:00Z,4.79E+14
2023-02-24T18:00:00Z,4.75E+14
2023-02-24T19:00:00Z,4.80E+14
2023-02-24T20:00:00Z,4.79E+14
2023-02-24T21:00:00Z,4.79E+14
2023-02-24T22:00:00Z,4.77E+14
2023-02-24T23:00:00Z,4.78E+14
2023-02-25T00:00:00Z,4.76E+14
2023-02-25T01:00:00Z,4.79E+14
2023-02-25T02:00:00Z,4.76E+14
2023-02-25T03:00:00Z,4.78E+14
2023-02-25T04:00:00Z,4.77E+14
2023-02-25T05:00:00Z,4.78E+14
2023-02-25T06:00:00Z,4.78E+14
2023-02-25T07:00:00Z,4.76E+14
2023-02-25T08:00:00Z,4.79E+14
2023-02-25T09:00:00Z,4.78E+14
2023-02-25T10:00:00Z,4.78E+14
2023-02-25T11:00:00Z,4.79E+14
2023-02-25T12:00:00Z,4.77E+14
2023-02-25T13:00:00Z,4.78E+14
2023-02-25T14:00:00Z,4.79E+14
2023-02-25T15:00:00Z,4.78E+14
2023-02-25T16:00:00Z,4.82E+14
2023-02-25T17:00:00Z,4.76E+14
2023-02-25T18:00:00Z,4.76E+14
2023-02-25T19:00:00Z,4.77E+14
2023-02-25T20:00:00Z,4.81E+14
2023-02-25T21:00:00Z,4.79E+14
2023-02-25T22:00:00Z,4.77E+14
2023-02-25T23:00:00Z,4.75E+14
2023-02-26T00:00:00Z,4.77E+14
2023-02-26T01:00:00Z,4.75E+14
2023-02-26T02:00:00Z,4.76E+14
2023-02-26T03:00:00Z,4.80E+14
2023-02-26T04:00:00Z,4.75E+14
2023-02-26T05:00:00Z,4.80E+14
2023-02-26T06:00:00Z,4.76E+14
2023-02-26T07:00:00Z,4.77E+14
2023-02-26T08:00:00Z,4.77E+14
2023-02-26T09:00:00Z,4.79E+14
2023-02-26T10:00:00Z,4.79E+14
2023-02-26T11:00:00Z,4.78E+14
2023-02-26T12:00:00Z,4.75E+14
2023-02-26T13:00:00Z,4.76E+14
2023-02-26T14:00:00Z,4.77E+14
2023-02-26T15:00:00Z,4.77E+14
2023-02-26T16:00:00Z,4.78E+14
2023-02-26T17:00:00Z,4.77E+14
2023-02-26T18:00:00Z,4.73E+14
2023-02-26T19:00:00Z,4.76E+14
2023-02-26T20:00:00Z,4.77E+14
2023-02-26T21:00:00Z,4.77E+14
2023-02-26T22:00:00Z,4.71E+14
2023-02-26T23:00:00Z,4.76E+14
2023-02-27T00:00:00Z,4.72E+14
2023-02-27T01:00:00Z,4.79E+14
2023-02-27T02:00:00Z,4.75E+14
2023-02-27T03:00:00Z,4.74E+14
2023-02-27T04:00:00Z,4.77E+14
2023-02-27T05:00:00Z,4.75E+14
2023-02-27T06:00:00Z,4.74E+14
2023-02-27T07:00:00Z,4.76E+14
2023-02-27T08:00:00Z,4.74E+14
2023-02-27T09:00:00Z,4.72E+14
2023-02-27T10:00:00Z,4.74E+14
2023-02-27T11:00:00Z,4.73E+14
2023-02-27T12:00:00Z,4.73E+14
2023-02-27T13:00:00Z,4.77E+14
2023-02-27T14:00:00Z,4.75E+14
2023-02-27T15:00:00Z,4.74E+14
2023-02-27T16:00:00Z,4.73E+14
2023-02-27T17:00:00Z,4.72E+14
2023-02-27T18:00:00Z,4.72E+14
2023-02-27T19:00:00Z,4.63E+14
2023-02-27T20:00:00Z,4.74E+14
2023-02-27T21:00:00Z,4.74E+14
2023-02-27T22:00:00Z,4.77E+14
2023-02-27T23:00:00Z,4.66E+14
2023-02-28T00:00:00Z,4.64E+14
2023-02-28T01:00:00Z,4.75E+14
2023-02-28T02:00:00Z,4.62E+14
2023-02-28T03:00:00Z,4.78E+14
2023-02-28T04:00:00Z,4.65E+14
2023-02-28T05:00:00Z,4.73E+14
2023-02-28T06:00:00Z,4.75E+14
2023-02-28T07:00:00Z,4.75E+14
2023-02-28T08:00:00Z,4.63E+14
2023-02-28T09:00:00Z,4.76E+14
2023-02-28T10:00:00Z,4.77E+14
2023-02-28T11:00:00Z,4.77E+14
2023-02-28T12:00:00Z,4.62E+14
2023-02-28T13:00:00Z,4.62E+14
2023-02-28T14:00:00Z,4.66E+14
2023-02-28T15:00:00Z,4.69E+14
2023-02-28T16:00:00Z,4.75E+14
2023-02-28T17:00:00Z,4.77E+14
2023-02-28T18:00:00Z,4.62E+14
2023-02-28T19:00:00Z,4.72E+14
2023-02-28T20:00:00Z,4.77E+14
2023-02-28T21:00:00Z,4.77E+14
2023-02-28T22:00:00Z,4.73E+14
2023-02-28T23:00:00Z,4.74E+14
2023-03-01T00:00:00Z,4.59E+14
2023-03-01T01:00:00Z,4.74E+14
2023-03-01T02:00:00Z,4.70E+14
2023-03-01T03:00:00Z,4.74E+14
2023-03-01T04:00:00Z,4.78E+14
2023-03-01T05:00:00Z,4.69E+14
2023-03-01T06:00:00Z,4.74E+14
2023-03-01T07:00:00Z,4.70E+14
2023-03-01T08:00:00Z,4.61E+14
2023-03-01T09:00:00Z,4.77E+14
2023-03-01T10:00:00Z,4.70E+14
2023-03-01T11:00:00Z,4.74E+14
2023-03-01T12:00:00Z,4.68E+14
2023-03-01T13:00:00Z,4.70E+14
2023-03-01T14:00:00Z,4.77E+14
2023-03-01T15:00:00Z,4.61E+14
2023-03-01T16:00:00Z,4.76E+14
2023-03-01T17:00:00Z,4.59E+14
2023-03-01T18:00:00Z,4.73E+14
2023-03-01T19:00:00Z,4.73E+14
2023-03-01T20:00:00Z,4.75E+14
2023-03-01T21:00:00Z,4.75E+14
2023-03-01T22:00:00Z,4.73E+14
2023-03-01T23:00:00Z,4.75E+14
2023-03-02T00:00:00Z,4.74E+14
2023-03-02T01:00:00Z,4.76E+14
2023-03-02T02:00:00Z,4.62E+14
2023-03-02T03:00:00Z,4.75E+14
2023-03-02T04:00:00Z,4.75E+14
2023-03-02T05:00:00Z,4.61E+14
2023-03-02T06:00:00Z,4.77E+14
2023-03-02T07:00:00Z,4.75E+14
2023-03-02T08:00:00Z,4.78E+14
2023-03-02T09:00:00Z,4.72E+14
2023-03-02T10:00:00Z,4.78E+14
2023-03-02T11:00:00Z,4.77E+14
2023-03-02T12:00:00Z,4.77E+14
2023-03-02T13:00:00Z,4.63E+14
2023-03-02T14:00:00Z,4.62E+14
2023-03-02T15:00:00Z,4.65E+14
2023-03-02T16:00:00Z,4.77E+14
2023-03-02T17:00:00Z,4.77E+14
2023-03-02T18:00:00Z,4.80E+14
2023-03-02T19:00:00Z,4.79E+14
2023-03-02T20:00:00Z,4.78E+14
2023-03-02T21:00:00Z,4.79E+14
2023-03-02T22:00:00Z,4.66E+14
2023-03-02T23:00:00Z,4.73E+14
2023-03-03T00:00:00Z,4.77E+14
2023-03-03T01:00:00Z,4.79E+14
2023-03-03T02:00:00Z,4.79E+14
2023-03-03T03:00:00Z,4.76E+14
2023-03-03T04:00:00Z,4.80E+14
2023-03-03T05:00:00Z,4.81E+14
2023-03-03T06:00:00Z,4.80E+14
2023-03-03T07:00:00Z,4.80E+14
2023-03-03T08:00:00Z,4.68E+14
2023-03-03T09:00:00Z,4.80E+14
2023-03-03T10:00:00Z,4.81E+14
2023-03-03T11:00:00Z,4.80E+14
2023-03-03T12:00:00Z,4.67E+14
